,Movie Title,Release Year,Actor in a Leading Role,Actor in a Supporting Role,Actress in a Leading Role,Actress in a Supporting Role,Animated Feature Film,Animated Short Film,Art Direction,Best Picture,Cinematography,Costume Design,Directing,Documentary (Feature),Documentary (Short Subject),Documentary Feature Film,Documentary Short Film,Film Editing,Foreign Language Film,International Feature Film,Irving G. Thalberg Memorial Award,Jean Hersholt Humanitarian Award,Live Action Short Film,Makeup,Makeup and Hairstyling,Music (Original Score),Music (Original Song),Production Design,Short Film (Animated),Short Film (Live Action),Sound,Sound Editing,Sound Mixing,Visual Effects,Writing (Adapted Screenplay),Writing (Original Screenplay)
0,(I'm Gonna) Love Me Again,2020,,,,,,,,,,,,,,,,,,,,,,,,,Winner,,,,,,,,,
1,12 Years a Slave,2014,Nominated,Nominated,,Winner,,,,Winner,,Nominated,Nominated,,,,,Nominated,,,,,,,,,,Nominated,,,,,,,Winner,
2,127 Hours,2011,Nominated,,,,,,,Nominated,,,,,,,,Nominated,,,,,,,,Nominated,Nominated,,,,,,,,Nominated,
3,13 Hours: The Secret Soldiers of Benghazi,2017,,,,,,,,,,,,,,,,,,,,,,,,,,,,,,,Nominated,,,
4,13th,2017,,,,,,,,,,,,Nominated,,,,,,,,,,,,,,,,,,,,,,
5,1917,2020,,,,,,,,Nominated,Winner,,Nominated,,,,,,,,,,,,Nominated,Nominated,,Nominated,,,,Nominated,Winner,Winner,,Nominated
6,20 Days in Mariupol,2024,,,,,,,,,,,,,,Winner,,,,,,,,,,,,,,,,,,,,
7,20 Feet from Stardom,2014,,,,,,,,,,,,Winner,,,,,,,,,,,,,,,,,,,,,,
8,20th Century Women,2017,,,,,,,,,,,,,,,,,,,,,,,,,,,,,,,,,,Nominated
9,4.1 Miles,2017,,,,,,,,,,,,,Nominated,,,,,,,,,,,,,,,,,,,,,
10,45 Years,2016,,,Nominated,,,,,,,,,,,,,,,,,,,,,,,,,,,,,,,
11,5 Broken Cameras,2013,,,,,,,,,,,,Nominated,,,,,,,,,,,,,,,,,,,,,,
12,A Beautiful Day in the Neighborhood,2020,,Nominated,,,,,,,,,,,,,,,,,,,,,,,,,,,,,,,,
13,A Cat in Paris,2012,,,,,Nominated,,,,,,,,,,,,,,,,,,,,,,,,,,,,,
14,A Concerto Is a Conversation,2021,,,,,,,,,,,,,Nominated,,,,,,,,,,,,,,,,,,,,,
15,A Fantastic Woman,2018,,,,,,,,,,,,,,,,,Winner,,,,,,,,,,,,,,,,,
16,A Girl in the River: The Price of Forgiveness,2016,,,,,,,,,,,,,Winner,,,,,,,,,,,,,,,,,,,,,
17,A House Made of Splinters,2023,,,,,,,,,,,,,,Nominated,,,,,,,,,,,,,,,,,,,,
18,A Love Song for Latasha,2021,,,,,,,,,,,,,Nominated,,,,,,,,,,,,,,,,,,,,,
19,A Man Called Ove,2017,,,,,,,,,,,,,,,,,Nominated,,,,,,Nominated,,,,,,,,,,,
20,A Matter of Loaf and Death,2010,,,,,,,,,,,,,,,,,,,,,,,,,,,Nominated,,,,,,,
21,A Morning Stroll,2012,,,,,,,,,,,,,,,,,,,,,,,,,,,Nominated,,,,,,,
22,A Night at The Garden,2019,,,,,,,,,,,,,Nominated,,,,,,,,,,,,,,,,,,,,,
23,A Prophet,2010,,,,,,,,,,,,,,,,,Nominated,,,,,,,,,,,,,,,,,
24,A Quiet Place,2019,,,,,,,,,,,,,,,,,,,,,,,,,,,,,,Nominated,,,,
25,A Royal Affair,2013,,,,,,,,,,,,,,,,,Nominated,,,,,,,,,,,,,,,,,
26,A Separation,2012,,,,,,,,,,,,,,,,,Winner,,,,,,,,,,,,,,,,,Nominated
27,A Serious Man,2010,,,,,,,,Nominated,,,,,,,,,,,,,,,,,,,,,,,,,,Nominated
28,A Shaun the Sheep Movie: Farmageddon,2021,,,,,Nominated,,,,,,,,,,,,,,,,,,,,,,,,,,,,,
29,A Single Life,2015,,,,,,,,,,,,,,,,,,,,,,,,,,,Nominated,,,,,,,
30,A Single Man,2010,Nominated,,,,,,,,,,,,,,,,,,,,,,,,,,,,,,,,,
31,A Sister,2020,,,,,,,,,,,,,,,,,,,,,,,,,,,,Nominated,,,,,,
32,A Star Is Born,2019,Nominated,Nominated,Nominated,,,,,Nominated,Nominated,,,,,,,,,,,,,,,,,,,,,,Nominated,,Nominated,
33,A War,2016,,,,,,,,,,,,,,,,,Nominated,,,,,,,,,,,,,,,,,
34,Abacus: Small Enough to Jail,2018,,,,,,,,,,,,Nominated,,,,,,,,,,,,,,,,,,,,,,
35,Ad Astra,2020,,,,,,,,,,,,,,,,,,,,,,,,,,,,,,,Nominated,,,
36,Adam and Dog,2013,,,,,,,,,,,,,,,,,,,,,,,,,,,Nominated,,,,,,,
37,Affairs of the Art,2022,,,,,,,,,,,,,,,,,,,,,,,,,,,Nominated,,,,,,,
38,Aftersun,2023,Nominated,,,,,,,,,,,,,,,,,,,,,,,,,,,,,,,,,
39,Ajami,2010,,,,,,,,,,,,,,,,,Nominated,,,,,,,,,,,,,,,,,
40,Ala Kachuu - Take and Run,2022,,,,,,,,,,,,,,,,,,,,,,,,,,,,Nominated,,,,,,
41,Albert Nobbs,2012,,,Nominated,Nominated,,,,,,,,,,,,,,,,,,Nominated,,,,,,,,,,,,
42,Alice in Wonderland,2011,,,,,,,Winner,,,Winner,,,,,,,,,,,,,,,,,,,,,,Nominated,,
43,All Is Lost,2014,,,,,,,,,,,,,,,,,,,,,,,,,,,,,,Nominated,,,,
44,All Quiet on the Western Front,2023,,,,,,,,Nominated,Winner,,,,,,,,,Winner,,,,,Nominated,Winner,,Winner,,,Nominated,,,Nominated,Nominated,
45,All That Breathes,2023,,,,,,,,,,,,,,Nominated,,,,,,,,,,,,,,,,,,,,
46,All the Beauty and the Bloodshed,2023,,,,,,,,,,,,,,Nominated,,,,,,,,,,,,,,,,,,,,
47,All the Money in the World,2018,,Nominated,,,,,,,,,,,,,,,,,,,,,,,,,,,,,,,,
48,All The Stars,2019,,,,,,,,,,,,,,,,,,,,,,,,,Nominated,,,,,,,,,
49,Allied,2017,,,,,,,,,,Nominated,,,,,,,,,,,,,,,,,,,,,,,,
50,American Factory,2020,,,,,,,,,,,,Winner,,,,,,,,,,,,,,,,,,,,,,
51,American Fiction,2024,Nominated,Nominated,,,,,,Nominated,,,,,,,,,,,,,,,,Nominated,,,,,,,,,Winner,
52,American Hustle,2014,Nominated,Nominated,Nominated,Nominated,,,,Nominated,,Nominated,Nominated,,,,,Nominated,,,,,,,,,,Nominated,,,,,,,,Nominated
53,American Sniper,2015,Nominated,,,,,,,Nominated,,,,,,,,Nominated,,,,,,,,,,,,,,Winner,Nominated,,Nominated,
54,Amour,2013,,,Nominated,,,,,Nominated,,,Nominated,,,,,,Winner,,,,,,,,,,,,,,,,,Nominated
55,Amy,2016,,,,,,,,,,,,Winner,,,,,,,,,,,,,,,,,,,,,,
56,An Education,2010,,,Nominated,,,,,Nominated,,,,,,,,,,,,,,,,,,,,,,,,,Nominated,
57,An Irish Goodbye,2023,,,,,,,,,,,,,,,,,,,,,,,,,,,,Winner,,,,,,
58,An Ostrich Told Me the World Is Fake and I Think I Believe It,2023,,,,,,,,,,,,,,,,,,,,,,,,,,,Nominated,,,,,,,
59,Anatomy of a Fall,2024,,,Nominated,,,,,Nominated,,,Nominated,,,,,Nominated,,,,,,,,,,,,,,,,,,Winner
60,Animal Behaviour,2019,,,,,,,,,,,,,,,,,,,,,,,,,,,Nominated,,,,,,,
61,Animal Kingdom,2011,,,,Nominated,,,,,,,,,,,,,,,,,,,,,,,,,,,,,,
62,Anna Karenina,2013,,,,,,,,,Nominated,Winner,,,,,,,,,,,,,,Nominated,,Nominated,,,,,,,,
63,Anomalisa,2016,,,,,Nominated,,,,,,,,,,,,,,,,,,,,,,,,,,,,,
64,Anonymous,2012,,,,,,,,,,Nominated,,,,,,,,,,,,,,,,,,,,,,,,
65,Another Round,2021,,,,,,,,,,,Nominated,,,,,,,Winner,,,,,,,,,,,,,,,,
66,Another Year,2011,,,,,,,,,,,,,,,,,,,,,,,,,,,,,,,,,,Nominated
67,Applause,2023,,,,,,,,,,,,,,,,,,,,,,,,,Nominated,,,,,,,,,
68,Aquel No Era Yo (That Wasn't Me),2014,,,,,,,,,,,,,,,,,,,,,,,,,,,,Nominated,,,,,,
69,"Argentina, 1985",2023,,,,,,,,,,,,,,,,,,Nominated,,,,,,,,,,,,,,,,
70,Argo,2013,,Nominated,,,,,,Winner,,,,,,,,Winner,,,,,,,,Nominated,,,,,,Nominated,Nominated,,Winner,
71,Arrival,2017,,,,,,,,Nominated,Nominated,,Nominated,,,,,Nominated,,,,,,,,,,Nominated,,,,Winner,Nominated,,Nominated,
72,Asad,2013,,,,,,,,,,,,,,,,,,,,,,,,,,,,Nominated,,,,,,
73,Ascension,2022,,,,,,,,,,,,Nominated,,,,,,,,,,,,,,,,,,,,,,
74,At Eternity's Gate,2019,Nominated,,,,,,,,,,,,,,,,,,,,,,,,,,,,,,,,,
75,Attica,2022,,,,,,,,,,,,Nominated,,,,,,,,,,,,,,,,,,,,,,
76,Audible,2022,,,,,,,,,,,,,Nominated,,,,,,,,,,,,,,,,,,,,,
77,Audition (The Fools Who Dream),2017,,,,,,,,,,,,,,,,,,,,,,,,,Nominated,,,,,,,,,
78,Auf der Strecke (On the Line),2009,,,,,,,,,,,,,,,,,,,,,,,,,,,,Nominated,,,,,,
79,August: Osage County,2014,,,Nominated,Nominated,,,,,,,,,,,,,,,,,,,,,,,,,,,,,,
80,Australia,2009,,,,,,,,,,Nominated,,,,,,,,,,,,,,,,,,,,,,,,
81,Avant Que De Tout Perdre (Just before Losing Everything),2014,,,,,,,,,,,,,,,,,,,,,,,,,,,,Nominated,,,,,,
82,Avatar,2010,,,,,,,Winner,Nominated,Winner,,Nominated,,,,,Nominated,,,,,,,,Nominated,,,,,,Nominated,Nominated,Winner,,
83,Avatar: The Way of Water,2023,,,,,,,,Nominated,,,,,,,,,,,,,,,,,,Nominated,,,Nominated,,,Winner,,
84,Ave Maria,2016,,,,,,,,,,,,,,,,,,,,,,,,,,,,Nominated,,,,,,
85,Avengers: Endgame,2020,,,,,,,,,,,,,,,,,,,,,,,,,,,,,,,,Nominated,,
86,Avengers: Infinity War,2019,,,,,,,,,,,,,,,,,,,,,,,,,,,,,,,,Nominated,,
87,Aya,2015,,,,,,,,,,,,,,,,,,,,,,,,,,,,Nominated,,,,,,
88,Baby Driver,2018,,,,,,,,,,,,,,,,Nominated,,,,,,,,,,,,,,Nominated,Nominated,,,
89,Babylon,2023,,,,,,,,,,Nominated,,,,,,,,,,,,,,Nominated,,Nominated,,,,,,,,
90,Bao,2019,,,,,,,,,,,,,,,,,,,,,,,,,,,Winner,,,,,,,
91,Barbie,2024,,Nominated,,Nominated,,,,Nominated,,Nominated,,,,,,,,,,,,,,,,Nominated,,,,,,,Nominated,
92,"Bardo, False Chronicle of a Handful of Truths",2023,,,,,,,,,Nominated,,,,,,,,,,,,,,,,,,,,,,,,,
93,Barney's Version,2011,,,,,,,,,,,,,,,,,,,,,,Nominated,,,,,,,,,,,,
94,Be Alive,2022,,,,,,,,,,,,,,,,,,,,,,,,,Nominated,,,,,,,,,
95,Bear Story,2016,,,,,,,,,,,,,,,,,,,,,,,,,,,Winner,,,,,,,
96,Beasts of the Southern Wild,2013,,,Nominated,,,,,Nominated,,,Nominated,,,,,,,,,,,,,,,,,,,,,,Nominated,
97,Beauty and the Beast,2018,,,,,,,,,,Nominated,,,,,,,,,,,,,,,,Nominated,,,,,,,,
98,Before Midnight,2014,,,,,,,,,,,,,,,,,,,,,,,,,,,,,,,,,Nominated,
99,Begin Again,2015,,,,,,,,,,,,,,,,,,,,,,,,,Nominated,,,,,,,,,
100,Beginners,2012,,Winner,,,,,,,,,,,,,,,,,,,,,,,,,,,,,,,,
101,Being the Ricardos,2022,Nominated,Nominated,Nominated,,,,,,,,,,,,,,,,,,,,,,,,,,,,,,,
102,Belfast,2022,,Nominated,,Nominated,,,,Nominated,,,Nominated,,,,,,,,,,,,,,,,,,Nominated,,,,,Winner
103,Bestia,2022,,,,,,,,,,,,,,,,,,,,,,,,,,,Nominated,,,,,,,
104,Better Days,2021,,,,,,,,,,,,,,,,,,Nominated,,,,,,,,,,,,,,,,
105,Beyond the Lights,2015,,,,,,,,,,,,,,,,,,,,,,,,,Nominated,,,,,,,,,
106,Big Hero 6,2015,,,,,Winner,,,,,,,,,,,,,,,,,,,,,,,,,,,,,
107,Birdman or (The Unexpected Virtue of Ignorance),2015,Nominated,Nominated,,Nominated,,,,Winner,Winner,,Winner,,,,,,,,,,,,,,,,,,,Nominated,Nominated,,,Winner
108,Biutiful,2011,Nominated,,,,,,,,,,,,,,,,Nominated,,,,,,,,,,,,,,,,,
109,Black Panther,2019,,,,,,,,Nominated,,Winner,,,,,,,,,,,,,,Winner,,Winner,,,,Nominated,Nominated,,,
110,Black Panther: Wakanda Forever,2023,,,,Nominated,,,,,,Winner,,,,,,,,,,,,,Nominated,,,,,,,,,Nominated,,
111,Black Sheep,2019,,,,,,,,,,,,,Nominated,,,,,,,,,,,,,,,,,,,,,
112,Black Swan,2011,,,Winner,,,,,Nominated,Nominated,,Nominated,,,,,Nominated,,,,,,,,,,,,,,,,,,
113,BlacKkKlansman,2019,,Nominated,,,,,,Nominated,,,Nominated,,,,,Nominated,,,,,,,,Nominated,,,,,,,,,Winner,
114,Blade Runner 2049,2018,,,,,,,,,Winner,,,,,,,,,,,,,,,,,Nominated,,,,Nominated,Nominated,Winner,,
115,Blind Vaysha,2017,,,,,,,,,,,,,,,,,,,,,,,,,,,Nominated,,,,,,,
116,Blonde,2023,,,Nominated,,,,,,,,,,,,,,,,,,,,,,,,,,,,,,,
117,Blue Jasmine,2014,,,Winner,Nominated,,,,,,,,,,,,,,,,,,,,,,,,,,,,,,Nominated
118,Blue Valentine,2011,,,Nominated,,,,,,,,,,,,,,,,,,,,,,,,,,,,,,,
119,Bobi Wine: The People's President,2024,,,,,,,,,,,,,,Nominated,,,,,,,,,,,,,,,,,,,,
120,Body Team 12,2016,,,,,,,,,,,,,Nominated,,,,,,,,,,,,,,,,,,,,,
121,Bohemian Rhapsody,2019,Winner,,,,,,,Nominated,,,,,,,,Winner,,,,,,,,,,,,,,Winner,Winner,,,
122,Bolt,2009,,,,,Nominated,,,,,,,,,,,,,,,,,,,,,,,,,,,,,
123,Bombshell,2020,,,Nominated,Nominated,,,,,,,,,,,,,,,,,,,Winner,,,,,,,,,,,
124,Boogaloo and Graham,2015,,,,,,,,,,,,,,,,,,,,,,,,,,,,Nominated,,,,,,
125,Borat Subsequent Moviefilm: Delivery of Prodigious Bribe to American Regime for Make Benefit Once Glorious Nation of Kazakhstan,2021,,,,Nominated,,,,,,,,,,,,,,,,,,,,,,,,,,,,,Nominated,
126,Border,2019,,,,,,,,,,,,,,,,,,,,,,,Nominated,,,,,,,,,,,
127,Borrowed Time,2017,,,,,,,,,,,,,,,,,,,,,,,,,,,Nominated,,,,,,,
128,Boxballet,2022,,,,,,,,,,,,,,,,,,,,,,,,,,,Nominated,,,,,,,
129,Boy and the World,2016,,,,,Nominated,,,,,,,,,,,,,,,,,,,,,,,,,,,,,
130,Boyhood,2015,,Nominated,,Winner,,,,Nominated,,,Nominated,,,,,Nominated,,,,,,,,,,,,,,,,,,Nominated
131,Brave,2013,,,,,Winner,,,,,,,,,,,,,,,,,,,,,,,,,,,,,
132,Bridesmaids,2012,,,,Nominated,,,,,,,,,,,,,,,,,,,,,,,,,,,,,,Nominated
133,Bridge of Spies,2016,,Winner,,,,,,Nominated,,,,,,,,,,,,,,,,Nominated,,Nominated,,,,,Nominated,,,Nominated
134,Bright Star,2010,,,,,,,,,,Nominated,,,,,,,,,,,,,,,,,,,,,,,,
135,Brooklyn,2016,,,Nominated,,,,,Nominated,,,,,,,,,,,,,,,,,,,,,,,,,Nominated,
136,Brotherhood,2020,,,,,,,,,,,,,,,,,,,,,,,,,,,,Nominated,,,,,,
137,Bullhead,2012,,,,,,,,,,,,,,,,,Nominated,,,,,,,,,,,,,,,,,
138,Burma VJ,2010,,,,,,,,,,,,Nominated,,,,,,,,,,,,,,,,,,,,,,
139,Burrow,2021,,,,,,,,,,,,,,,,,,,,,,,,,,,Nominated,,,,,,,
140,Butter Lamp (La Lampe Au Beurre De Yak),2015,,,,,,,,,,,,,,,,,,,,,,,,,,,,Nominated,,,,,,
141,Buzkashi Boys,2013,,,,,,,,,,,,,,,,,,,,,,,,,,,,Nominated,,,,,,
142,Call Me by Your Name,2018,Nominated,,,,,,,Nominated,,,,,,,,,,,,,,,,,,,,,,,,,Winner,
143,Can You Ever Forgive Me?,2019,,Nominated,Nominated,,,,,,,,,,,,,,,,,,,,,,,,,,,,,,Nominated,
144,Can't Stop The Feeling,2017,,,,,,,,,,,,,,,,,,,,,,,,,Nominated,,,,,,,,,
145,Capernaum,2019,,,,,,,,,,,,,,,,,Nominated,,,,,,,,,,,,,,,,,
146,Captain America: The Winter Soldier,2015,,,,,,,,,,,,,,,,,,,,,,,,,,,,,,,,Nominated,,
147,Captain Fantastic,2017,Nominated,,,,,,,,,,,,,,,,,,,,,,,,,,,,,,,,,
148,Captain Phillips,2014,,Nominated,,,,,,Nominated,,,,,,,,Nominated,,,,,,,,,,,,,,Nominated,Nominated,,Nominated,
149,Carol,2016,,,Nominated,Nominated,,,,,Nominated,Nominated,,,,,,,,,,,,,,Nominated,,,,,,,,,Nominated,
150,Cartel Land,2016,,,,,,,,,,,,Nominated,,,,,,,,,,,,,,,,,,,,,,
151,Causeway,2023,,Nominated,,,,,,,,,,,,,,,,,,,,,,,,,,,,,,,,
152,CaveDigger,2014,,,,,,,,,,,,,Nominated,,,,,,,,,,,,,,,,,,,,,
153,Changeling,2009,,,Nominated,,,,Nominated,,Nominated,,,,,,,,,,,,,,,,,,,,,,,,,
154,Chasing Ice,2013,,,,,,,,,,,,,,,,,,,,,,,,,Nominated,,,,,,,,,
155,"Chau, beyond the Lines",2016,,,,,,,,,,,,,Nominated,,,,,,,,,,,,,,,,,,,,,
156,Chico & Rita,2012,,,,,Nominated,,,,,,,,,,,,,,,,,,,,,,,,,,,,,
157,China's Unnatural Disaster: The Tears of Sichuan Province,2010,,,,,,,,,,,,,Nominated,,,,,,,,,,,,,,,,,,,,,
158,Christopher Robin,2019,,,,,,,,,,,,,,,,,,,,,,,,,,,,,,,,Nominated,,
159,Cinderella,2016,,,,,,,,,,Nominated,,,,,,,,,,,,,,,,,,,,,,,,
160,CitizenFour,2015,,,,,,,,,,,,Winner,,,,,,,,,,,,,,,,,,,,,,
161,City of Stars,2017,,,,,,,,,,,,,,,,,,,,,,,,,Winner,,,,,,,,,
162,Claude Lanzmann: Spectres of the Shoah,2016,,,,,,,,,,,,,Nominated,,,,,,,,,,,,,,,,,,,,,
163,Close,2023,,,,,,,,,,,,,,,,,,Nominated,,,,,,,,,,,,,,,,
164,Coco,2018,,,,,Winner,,,,,,,,,,,,,,,,,,,,,,,,,,,,,
165,Coco before Chanel,2010,,,,,,,,,,Nominated,,,,,,,,,,,,,,,,,,,,,,,,
166,CODA,2022,,Winner,,,,,,Winner,,,,,,,,,,,,,,,,,,,,,,,,,Winner,
167,Cold War,2019,,,,,,,,,Nominated,,Nominated,,,,,,Nominated,,,,,,,,,,,,,,,,,
168,Colette,2021,,,,,,,,,,,,,Winner,,,,,,,,,,,,,,,,,,,,,
169,Collective,2021,,,,,,,,,,,,Nominated,,,,,,Nominated,,,,,,,,,,,,,,,,
170,Coming 2 America,2022,,,,,,,,,,,,,,,,,,,,,,,Nominated,,,,,,,,,,,
171,Coraline,2010,,,,,Nominated,,,,,,,,,,,,,,,,,,,,,,,,,,,,,
172,Corpus Christi,2020,,,,,,,,,,,,,,,,,,Nominated,,,,,,,,,,,,,,,,
173,Country Strong,2011,,,,,,,,,,,,,,,,,,,,,,,,,Nominated,,,,,,,,,
174,Crazy Heart,2010,Winner,,,Nominated,,,,,,,,,,,,,,,,,,,,,Winner,,,,,,,,,
175,Creed,2016,,Nominated,,,,,,,,,,,,,,,,,,,,,,,,,,,,,,,,
176,Crip Camp,2021,,,,,,,,,,,,Nominated,,,,,,,,,,,,,,,,,,,,,,
177,Crisis Hotline: Veterans Press 1,2015,,,,,,,,,,,,,Winner,,,,,,,,,,,,,,,,,,,,,
178,Cruella,2022,,,,,,,,,,Winner,,,,,,,,,,,,,Nominated,,,,,,,,,,,
179,Curfew,2013,,,,,,,,,,,,,,,,,,,,,,,,,,,,Winner,,,,,,
180,Cutie and the Boxer,2014,,,,,,,,,,,,Nominated,,,,,,,,,,,,,,,,,,,,,,
181,Cyrano,2022,,,,,,,,,,Nominated,,,,,,,,,,,,,,,,,,,,,,,,
182,Da 5 Bloods,2021,,,,,,,,,,,,,,,,,,,,,,,,Nominated,,,,,,,,,,
183,Dallas Buyers Club,2014,Winner,Winner,,,,,,Nominated,,,,,,,,Nominated,,,,,,,Winner,,,,,,,,,,,Nominated
184,Darkest Hour,2018,Winner,,,,,,,Nominated,Nominated,Nominated,,,,,,,,,,,,,Winner,,,Nominated,,,,,,,,
185,Dawn of the Planet of the Apes,2015,,,,,,,,,,,,,,,,,,,,,,,,,,,,,,,,Nominated,,
186,Day & Night,2011,,,,,,,,,,,,,,,,,,,,,,,,,,,Nominated,,,,,,,
187,Day One,2016,,,,,,,,,,,,,,,,,,,,,,,,,,,,Nominated,,,,,,
188,Dcera (Daughter),2020,,,,,,,,,,,,,,,,,,,,,,,,,,,Nominated,,,,,,,
189,Dear Basketball,2018,,,,,,,,,,,,,,,,,,,,,,,,,,,Winner,,,,,,,
190,Death of a Shadow (Dood van een Schaduw),2013,,,,,,,,,,,,,,,,,,,,,,,,,,,,Nominated,,,,,,
191,Deepwater Horizon,2017,,,,,,,,,,,,,,,,,,,,,,,,,,,,,,Nominated,,Nominated,,
192,Defiance,2009,,,,,,,,,,,,,,,,,,,,,,,,Nominated,,,,,,,,,,
193,DeKalb Elementary,2018,,,,,,,,,,,,,,,,,,,,,,,,,,,,Nominated,,,,,,
194,Demián Bichir,2012,Nominated,,,,,,,,,,,,,,,,,,,,,,,,,,,,,,,,,
195,Departures,2009,,,,,,,,,,,,,,,,,Winner,,,,,,,,,,,,,,,,,
196,Despicable Me 2,2014,,,,,Nominated,,,,,,,,,,,,,,,,,,,,Nominated,,,,,,,,,
197,Detainment,2019,,,,,,,,,,,,,,,,,,,,,,,,,,,,Nominated,,,,,,
198,Dimanche/Sunday,2012,,,,,,,,,,,,,,,,,,,,,,,,,,,Nominated,,,,,,,
199,Dirty Wars,2014,,,,,,,,,,,,Nominated,,,,,,,,,,,,,,,,,,,,,,
200,District 9,2010,,,,,,,,Nominated,,,,,,,,Nominated,,,,,,,,,,,,,,,,Nominated,Nominated,
201,Django Unchained,2013,,Winner,,,,,,Nominated,Nominated,,,,,,,,,,,,,,,,,,,,,Nominated,,,,Winner
202,Do Not Split,2021,,,,,,,,,,,,,Nominated,,,,,,,,,,,,,,,,,,,,,
203,Doctor Strange,2017,,,,,,,,,,,,,,,,,,,,,,,,,,,,,,,,Nominated,,
204,Dogtooth,2011,,,,,,,,,,,,,,,,,Nominated,,,,,,,,,,,,,,,,,
205,Don't Look Up,2022,,,,,,,,Nominated,,,,,,,,Nominated,,,,,,,,Nominated,,,,,,,,,,Nominated
206,Dos Oruguitas,2022,,,,,,,,,,,,,,,,,,,,,,,,,Nominated,,,,,,,,,
207,Doubt,2009,,Nominated,Nominated,Nominated,,,,,,,,,,,,,,,,,,,,,,,,,,,,,Nominated,
208,Down To Joy,2022,,,,,,,,,,,,,,,,,,,,,,,,,Nominated,,,,,,,,,
209,Drive,2012,,,,,,,,,,,,,,,,,,,,,,,,,,,,,,Nominated,,,,
210,Drive My Car,2022,,,,,,,,Nominated,,,Nominated,,,,,,,Winner,,,,,,,,,,,,,,,Nominated,
211,Dune,2022,,,,,,,,Nominated,Winner,Nominated,,,,,,Winner,,,,,,,Nominated,Winner,,Winner,,,Winner,,,Winner,Nominated,
212,Dunkirk,2018,,,,,,,,Nominated,Nominated,,Nominated,,,,,Winner,,,,,,,,Nominated,,Nominated,,,,Winner,Winner,,,
213,Edith+Eddie,2018,,,,,,,,,,,,,Nominated,,,,,,,,,,,,,,,,,,,,,
214,El Conde,2024,,,,,,,,,Nominated,,,,,,,,,,,,,,,,,,,,,,,,,
215,Elemental,2024,,,,,Nominated,,,,,,,,,,,,,,,,,,,,,,,,,,,,,
216,Elle,2017,,,Nominated,,,,,,,,,,,,,,,,,,,,,,,,,,,,,,,
217,Elvis,2023,Nominated,,,,,,,Nominated,Nominated,Nominated,,,,,,Nominated,,,,,,,Nominated,,,Nominated,,,Nominated,,,,,
218,Embrace of the Serpent,2016,,,,,,,,,,,,,,,,,Nominated,,,,,,,,,,,,,,,,,
219,Emma,2021,,,,,,,,,,Nominated,,,,,,,,,,,,,Nominated,,,,,,,,,,,
220,Empire of Light,2023,,,,,,,,,Nominated,,,,,,,,,,,,,,,,,,,,,,,,,
221,Encanto,2022,,,,,Winner,,,,,,,,,,,,,,,,,,,Nominated,,,,,,,,,,
222,Encounters at the End of the World,2009,,,,,,,,,,,,Nominated,,,,,,,,,,,,,,,,,,,,,,
223,End Game,2019,,,,,,,,,,,,,Nominated,,,,,,,,,,,,,,,,,,,,,
224,Ennemis Intérieurs,2017,,,,,,,,,,,,,,,,,,,,,,,,,,,,Nominated,,,,,,
225,EO,2023,,,,,,,,,,,,,,,,,,Nominated,,,,,,,,,,,,,,,,
226,Ernest & Celestine,2014,,,,,Nominated,,,,,,,,,,,,,,,,,,,,,,,,,,,,,
227,Everything Everywhere All at Once,2023,,Winner,Winner,Nominated,,,,Winner,,Nominated,Winner,,,,,Winner,,,,,,,,Nominated,,,,,,,,,,Winner
228,Everything Will Be Okay (Alles Wird Gut),2016,,,,,,,,,,,,,,,,,,,,,,,,,,,,Nominated,,,,,,
229,Ex Machina,2016,,,,,,,,,,,,,,,,,,,,,,,,,,,,,,,,Winner,,Nominated
230,Exit through the Gift Shop,2011,,,,,,,,,,,,Nominated,,,,,,,,,,,,,,,,,,,,,,
231,Extremely Loud & Incredibly Close,2012,,Nominated,,,,,,Nominated,,,,,,,,,,,,,,,,,,,,,,,,,,
232,Extremis,2017,,,,,,,,,,,,,Nominated,,,,,,,,,,,,,,,,,,,,,
233,Faces Places,2018,,,,,,,,,,,,Nominated,,,,,,,,,,,,,,,,,,,,,,
234,Facing Fear,2014,,,,,,,,,,,,,Nominated,,,,,,,,,,,,,,,,,,,,,
235,Fantastic Beasts and Where to Find Them,2017,,,,,,,,,,Winner,,,,,,,,,,,,,,,,Nominated,,,,,,,,
236,Fantastic Mr. Fox,2010,,,,,Nominated,,,,,,,,,,,,,,,,,,,Nominated,,,,,,,,,,
237,Fauve,2019,,,,,,,,,,,,,,,,,,,,,,,,,,,,Nominated,,,,,,
238,Feast,2015,,,,,,,,,,,,,,,,,,,,,,,,,,,Winner,,,,,,,
239,Feeling Through,2021,,,,,,,,,,,,,,,,,,,,,,,,,,,,Nominated,,,,,,
240,Fences,2017,Nominated,,,Winner,,,,Nominated,,,,,,,,,,,,,,,,,,,,,,,,,Nominated,
241,Feral,2014,,,,,,,,,,,,,,,,,,,,,,,,,,,Nominated,,,,,,,
242,Ferdinand,2018,,,,,Nominated,,,,,,,,,,,,,,,,,,,,,,,,,,,,,
243,Fifty Shades of Grey,2016,,,,,,,,,,,,,,,,,,,,,,,,,Nominated,,,,,,,,,
244,Fight For You,2021,,,,,,,,,,,,,,,,,,,,,,,,,Winner,,,,,,,,,
245,Finding Vivian Maier,2015,,,,,,,,,,,,Nominated,,,,,,,,,,,,,,,,,,,,,,
246,Fire at Sea,2017,,,,,,,,,,,,Nominated,,,,,,,,,,,,,,,,,,,,,,
247,Fire of Love,2023,,,,,,,,,,,,,,Nominated,,,,,,,,,,,,,,,,,,,,
248,First Man,2019,,,,,,,,,,,,,,,,,,,,,,,,,,Nominated,,,,Nominated,Nominated,Winner,,
249,First Reformed,2019,,,,,,,,,,,,,,,,,,,,,,,,,,,,,,,,,,Nominated
250,Flee,2022,,,,,Nominated,,,,,,,Nominated,,,,,,Nominated,,,,,,,,,,,,,,,,
251,Flight,2013,Nominated,,,,,,,,,,,,,,,,,,,,,,,,,,,,,,,,,Nominated
252,Florence Foster Jenkins,2017,,,Nominated,,,,,,,Nominated,,,,,,,,,,,,,,,,,,,,,,,,
253,"Food, Inc.",2010,,,,,,,,,,,,Nominated,,,,,,,,,,,,,,,,,,,,,,
254,Footnote,2012,,,,,,,,,,,,,,,,,Nominated,,,,,,,,,,,,,,,,,
255,For Sama,2020,,,,,,,,,,,,Nominated,,,,,,,,,,,,,,,,,,,,,,
256,Ford v Ferrari,2020,,,,,,,,Nominated,,,,,,,,Winner,,,,,,,,,,,,,,Winner,Nominated,,,
257,Four Daughters,2024,,,,,,,,,,,,,,Nominated,,,,,,,,,,,,,,,,,,,,
258,Foxcatcher,2015,Nominated,Nominated,,,,,,,,,Nominated,,,,,,,,,,,,Nominated,,,,,,,,,,,Nominated
259,Frankenweenie,2013,,,,,Nominated,,,,,,,,,,,,,,,,,,,,,,,,,,,,,
260,Free Guy,2022,,,,,,,,,,,,,,,,,,,,,,,,,,,,,,,,Nominated,,
261,Free Solo,2019,,,,,,,,,,,,Winner,,,,,,,,,,,,,,,,,,,,,,
262,French Roast,2010,,,,,,,,,,,,,,,,,,,,,,,,,,,Nominated,,,,,,,
263,Fresh Guacamole,2013,,,,,,,,,,,,,,,,,,,,,,,,,,,Nominated,,,,,,,
264,Frost/Nixon,2009,Nominated,,,,,,,Nominated,,,Nominated,,,,,Nominated,,,,,,,,,,,,,,,,,Nominated,
265,Frozen,2014,,,,,Winner,,,,,,,,,,,,,,,,,,,,Winner,,,,,,,,,
266,Frozen River,2009,,,Nominated,,,,,,,,,,,,,,,,,,,,,,,,,,,,,,,Nominated
267,Garden Party,2018,,,,,,,,,,,,,,,,,,,,,,,,,,,Nominated,,,,,,,
268,Gasland,2011,,,,,,,,,,,,Nominated,,,,,,,,,,,,,,,,,,,,,,
269,Genius Loci,2021,,,,,,,,,,,,,,,,,,,,,,,,,,,Nominated,,,,,,,
270,Get a Horse!,2014,,,,,,,,,,,,,,,,,,,,,,,,,,,Nominated,,,,,,,
271,Get Out,2018,Nominated,,,,,,,Nominated,,,Nominated,,,,,,,,,,,,,,,,,,,,,,,Winner
272,Glass Onion: A Knives Out Mystery,2023,,,,,,,,,,,,,,,,,,,,,,,,,,,,,,,,,Nominated,
273,Glen Campbell…I’ll Be Me,2015,,,,,,,,,,,,,,,,,,,,,,,,,Nominated,,,,,,,,,
274,God Is the Bigger Elvis,2012,,,,,,,,,,,,,Nominated,,,,,,,,,,,,,,,,,,,,,
275,God of Love,2011,,,,,,,,,,,,,,,,,,,,,,,,,,,,Winner,,,,,,
276,Godzilla Minus One,2024,,,,,,,,,,,,,,,,,,,,,,,,,,,,,,,,Winner,,
277,Golda,2024,,,,,,,,,,,,,,,,,,,,,,,Nominated,,,,,,,,,,,
278,Gone Girl,2015,,,Nominated,,,,,,,,,,,,,,,,,,,,,,,,,,,,,,,
279,Granny O'Grimm's Sleeping Beauty,2010,,,,,,,,,,,,,,,,,,,,,,,,,,,Nominated,,,,,,,
280,Gravity,2014,,,Nominated,,,,,Nominated,Winner,,Winner,,,,,Winner,,,,,,,,Winner,,Nominated,,,,Winner,Winner,Winner,,
281,Green Book,2019,Nominated,Winner,,,,,,Winner,,,,,,,,Nominated,,,,,,,,,,,,,,,,,,Winner
282,Greyhound,2021,,,,,,,,,,,,,,,,,,,,,,,,,,,,,Nominated,,,,,
283,Guardians of the Galaxy,2015,,,,,,,,,,,,,,,,,,,,,,,Nominated,,,,,,,,,Nominated,,
284,Guardians of the Galaxy Vol. 2,2018,,,,,,,,,,,,,,,,,,,,,,,,,,,,,,,,Nominated,,
285,Guardians of the Galaxy Vol. 3,2024,,,,,,,,,,,,,,,,,,,,,,,,,,,,,,,,Nominated,,
286,Guillermo del Toro's Pinocchio,2023,,,,,Winner,,,,,,,,,,,,,,,,,,,,,,,,,,,,,
287,Hacksaw Ridge,2017,Nominated,,,,,,,Nominated,,,Nominated,,,,,Winner,,,,,,,,,,,,,,Nominated,Winner,,,
288,"Hail, Caesar!",2017,,,,,,,,,,,,,,,,,,,,,,,,,,Nominated,,,,,,,,
289,Hair Love,2020,,,,,,,,,,,,,,,,,,,,,,,,,,,Winner,,,,,,,
290,"Hale County This Morning, This Evening",2019,,,,,,,,,,,,Nominated,,,,,,,,,,,,,,,,,,,,,,
291,Happy-Go-Lucky,2009,,,,,,,,,,,,,,,,,,,,,,,,,,,,,,,,,,Nominated
292,Harriet,2020,,,Nominated,,,,,,,,,,,,,,,,,,,,,,,,,,,,,,,
293,Harry Potter and the Deathly Hallows Part 1,2011,,,,,,,Nominated,,,,,,,,,,,,,,,,,,,,,,,,,Nominated,,
294,Harry Potter and the Deathly Hallows Part 2,2012,,,,,,,Nominated,,,,,,,,,,,,,,,Nominated,,,,,,,,,,Nominated,,
295,Harry Potter and the Half-Blood Prince,2010,,,,,,,,,Nominated,,,,,,,,,,,,,,,,,,,,,,,,,
296,Haulout,2023,,,,,,,,,,,,,,,Nominated,,,,,,,,,,,,,,,,,,,
297,Head over Heels,2013,,,,,,,,,,,,,,,,,,,,,,,,,,,Nominated,,,,,,,
298,Hear My Voice,2021,,,,,,,,,,,,,,,,,,,,,,,,,Nominated,,,,,,,,,
299,Heaven Is a Traffic Jam on the 405,2018,,,,,,,,,,,,,Winner,,,,,,,,,,,,,,,,,,,,,
300,Helium,2014,,,,,,,,,,,,,,,,,,,,,,,,,,,,Winner,,,,,,
301,Hell and Back Again,2012,,,,,,,,,,,,Nominated,,,,,,,,,,,,,,,,,,,,,,
302,Hell or High Water,2017,,Nominated,,,,,,Nominated,,,,,,,,Nominated,,,,,,,,,,,,,,,,,,Nominated
303,Hellboy II: The Golden Army,2009,,,,,,,,,,,,,,,,,,,,,,Nominated,,,,,,,,,,,,
304,Henry,2013,,,,,,,,,,,,,,,,,,,,,,,,,,,,Nominated,,,,,,
305,Her,2014,,,,,,,,Nominated,,,,,,,,,,,,,,,,Nominated,Nominated,Nominated,,,,,,,,Winner
306,Hereafter,2011,,,,,,,,,,,,,,,,,,,,,,,,,,,,,,,,Nominated,,
307,Heroin(e),2018,,,,,,,,,,,,,Nominated,,,,,,,,,,,,,,,,,,,,,
308,Hidden Figures,2017,,,,Nominated,,,,Nominated,,,,,,,,,,,,,,,,,,,,,,,,,Nominated,
309,Hillbilly Elegy,2021,,,,Nominated,,,,,,,,,,,,,,,,,,,Nominated,,,,,,,,,,,
310,Hitchcock,2013,,,,,,,,,,,,,,,,,,,,,,,Nominated,,,,,,,,,,,
311,Hold My Hand,2023,,,,,,,,,,,,,,,,,,,,,,,,,Nominated,,,,,,,,,
312,Honeyland,2020,,,,,,,,,,,,Nominated,,,,,,Nominated,,,,,,,,,,,,,,,,
313,House of Gucci,2022,,,,,,,,,,,,,,,,,,,,,,,Nominated,,,,,,,,,,,
314,How Do You Measure a Year?,2023,,,,,,,,,,,,,,,Nominated,,,,,,,,,,,,,,,,,,,
315,How Far I'll Go,2017,,,,,,,,,,,,,,,,,,,,,,,,,Nominated,,,,,,,,,
316,How to Survive a Plague,2013,,,,,,,,,,,,Nominated,,,,,,,,,,,,,,,,,,,,,,
317,How to Train Your Dragon,2011,,,,,Nominated,,,,,,,,,,,,,,,,,,,Nominated,,,,,,,,,,
318,How to Train Your Dragon 2,2015,,,,,Nominated,,,,,,,,,,,,,,,,,,,,,,,,,,,,,
319,How to Train Your Dragon: The Hidden World,2020,,,,,Nominated,,,,,,,,,,,,,,,,,,,,,,,,,,,,,
320,Hugo,2012,,,,,,,Winner,Nominated,Winner,Nominated,Nominated,,,,,Nominated,,,,,,,,Nominated,,,,,,Winner,Winner,Winner,Nominated,
321,Hunger Ward,2021,,,,,,,,,,,,,Nominated,,,,,,,,,,,,,,,,,,,,,
322,Husavik,2021,,,,,,,,,,,,,,,,,,,,,,,,,Nominated,,,,,,,,,
323,I Am Love,2011,,,,,,,,,,Nominated,,,,,,,,,,,,,,,,,,,,,,,,
324,I Am Not Your Negro,2017,,,,,,,,,,,,Nominated,,,,,,,,,,,,,,,,,,,,,,
325,I Can't Let You Throw Yourself Away,2020,,,,,,,,,,,,,,,,,,,,,,,,,Nominated,,,,,,,,,
326,I Lost My Body,2020,,,,,Nominated,,,,,,,,,,,,,,,,,,,,,,,,,,,,,
327,I'll Fight,2019,,,,,,,,,,,,,,,,,,,,,,,,,Nominated,,,,,,,,,
328,I'm Just Ken,2024,,,,,,,,,,,,,,,,,,,,,,,,,Nominated,,,,,,,,,
329,I'm Standing With You,2020,,,,,,,,,,,,,,,,,,,,,,,,,Nominated,,,,,,,,,
330,"I, Tonya",2018,,,Nominated,Winner,,,,,,,,,,,,Nominated,,,,,,,,,,,,,,,,,,
331,Icarus,2018,,,,,,,,,,,,Winner,,,,,,,,,,,,,,,,,,,,,,
332,Ice Merchants,2023,,,,,,,,,,,,,,,,,,,,,,,,,,,Nominated,,,,,,,
333,Ida,2015,,,,,,,,,Nominated,,,,,,,,Winner,,,,,,,,,,,,,,,,,
334,If a Tree Falls: A Story of the Earth Liberation Front,2012,,,,,,,,,,,,Nominated,,,,,,,,,,,,,,,,,,,,,,
335,If Anything Happens I Love You,2021,,,,,,,,,,,,,,,,,,,,,,,,,,,Winner,,,,,,,
336,If Beale Street Could Talk,2019,,,,Winner,,,,,,,,,,,,,,,,,,,,Nominated,,,,,,,,,Nominated,
337,Il Divo,2010,,,,,,,,,,,,,,,,,,,,,,Nominated,,,,,,,,,,,,
338,In a Better World,2011,,,,,,,,,,,,,,,,,Winner,,,,,,,,,,,,,,,,,
339,In Bruges,2009,,,,,,,,,,,,,,,,,,,,,,,,,,,,,,,,,,Nominated
340,In Darkness,2012,,,,,,,,,,,,,,,,,Nominated,,,,,,,,,,,,,,,,,
341,In the Absence,2020,,,,,,,,,,,,,Nominated,,,,,,,,,,,,,,,,,,,,,
342,In the Loop,2010,,,,,,,,,,,,,,,,,,,,,,,,,,,,,,,,,Nominated,
343,Incendies,2011,,,,,,,,,,,,,,,,,Nominated,,,,,,,,,,,,,,,,,
344,Inception,2011,,,,,,,Nominated,Nominated,Winner,,,,,,,,,,,,,,,Nominated,,,,,,Winner,Winner,Winner,,Nominated
345,Incident in New Baghdad,2012,,,,,,,,,,,,,Nominated,,,,,,,,,,,,,,,,,,,,,
346,Incredibles 2,2019,,,,,Nominated,,,,,,,,,,,,,,,,,,,,,,,,,,,,,
347,Indiana Jones and the Dial of Destiny,2024,,,,,,,,,,,,,,,,,,,,,,,,Nominated,,,,,,,,,,
348,Inglourious Basterds,2010,,Winner,,,,,,Nominated,Nominated,,Nominated,,,,,Nominated,,,,,,,,,,,,,,Nominated,Nominated,,,Nominated
349,Inherent Vice,2015,,,,,,,,,,Nominated,,,,,,,,,,,,,,,,,,,,,,,Nominated,
350,Inocente,2013,,,,,,,,,,,,,Winner,,,,,,,,,,,,,,,,,,,,,
351,Inside Job,2011,,,,,,,,,,,,Winner,,,,,,,,,,,,,,,,,,,,,,
352,Inside Llewyn Davis,2014,,,,,,,,,Nominated,,,,,,,,,,,,,,,,,,,,,,Nominated,,,
353,Inside Out,2016,,,,,Winner,,,,,,,,,,,,,,,,,,,,,,,,,,,,,Nominated
354,Instead of Abracadabra,2010,,,,,,,,,,,,,,,,,,,,,,,,,,,,Nominated,,,,,,
355,Interstellar,2015,,,,,,,,,,,,,,,,,,,,,,,,Nominated,,Nominated,,,,Nominated,Nominated,Winner,,
356,Into The Unknown,2020,,,,,,,,,,,,,,,,,,,,,,,,,Nominated,,,,,,,,,
357,Into the Woods,2015,,,,Nominated,,,,,,Nominated,,,,,,,,,,,,,,,,Nominated,,,,,,,,
358,Invictus,2010,Nominated,Nominated,,,,,,,,,,,,,,,,,,,,,,,,,,,,,,,,
359,Invincible,2024,,,,,,,,,,,,,,,,,,,,,Nominated,,,,,,,,,,,,,
360,Io Capitano,2024,,,,,,,,,,,,,,,,,,Nominated,,,,,,,,,,,,,,,,
361,Io Sì (Seen),2021,,,,,,,,,,,,,,,,,,,,,,,,,Nominated,,,,,,,,,
362,Iron Man,2009,,,,,,,,,,,,,,,,,,,,,,,,,,,,,,Nominated,,Nominated,,
363,Iron Man 2,2011,,,,,,,,,,,,,,,,,,,,,,,,,,,,,,,,Nominated,,
364,Iron Man 3,2014,,,,,,,,,,,,,,,,,,,,,,,,,,,,,,,,Nominated,,
365,Island in Between,2024,,,,,,,,,,,,,,,Nominated,,,,,,,,,,,,,,,,,,,
366,Isle of Dogs,2019,,,,,Nominated,,,,,,,,,,,,,,,,,,,Nominated,,,,,,,,,,
367,It Never Went Away,2024,,,,,,,,,,,,,,,,,,,,,,,,,Nominated,,,,,,,,,
368,Ivalu,2023,,,,,,,,,,,,,,,,,,,,,,,,,,,,Nominated,,,,,,
369,Jackass Presents: Bad Grandpa,2014,,,,,,,,,,,,,,,,,,,,,,,Nominated,,,,,,,,,,,
370,Jackie,2017,,,Nominated,,,,,,,Nominated,,,,,,,,,,,,,,Nominated,,,,,,,,,,
371,Jane Eyre,2012,,,,,,,,,,Nominated,,,,,,,,,,,,,,,,,,,,,,,,
372,Joanna,2015,,,,,,,,,,,,,Nominated,,,,,,,,,,,,,,,,,,,,,
373,Joe's Violin,2017,,,,,,,,,,,,,Nominated,,,,,,,,,,,,,,,,,,,,,
374,Jojo Rabbit,2020,,,,Nominated,,,,Nominated,,Nominated,,,,,,Nominated,,,,,,,,,,Nominated,,,,,,,Winner,
375,Joker,2020,Winner,,,,,,,Nominated,Nominated,Nominated,Nominated,,,,,Nominated,,,,,,,Nominated,Winner,,,,,,Nominated,Nominated,,Nominated,
376,Joy,2016,,,Nominated,,,,,,,,,,,,,,,,,,,,,,,,,,,,,,,
377,Judas and the Black Messiah,2021,,Nominated,,,,,,Nominated,Nominated,,,,,,,,,,,,,,,,,,,,,,,,,Nominated
378,Judy,2020,,,Winner,,,,,,,,,,,,,,,,,,,,Nominated,,,,,,,,,,,
379,Julie & Julia,2010,,,Nominated,,,,,,,,,,,,,,,,,,,,,,,,,,,,,,,
380,Karama Has No Walls,2014,,,,,,,,,,,,,Nominated,,,,,,,,,,,,,,,,,,,,,
381,Kavi,2010,,,,,,,,,,,,,,,,,,,,,,,,,,,,Nominated,,,,,,
382,Killers of the Flower Moon,2024,,Nominated,Nominated,,,,,Nominated,Nominated,Nominated,Nominated,,,,,Nominated,,,,,,,,Nominated,,Nominated,,,,,,,,
383,Killing in the Name,2011,,,,,,,,,,,,,Nominated,,,,,,,,,,,,,,,,,,,,,
384,King Richard,2022,Winner,,,Nominated,,,,Nominated,,,,,,,,Nominated,,,,,,,,,,,,,,,,,,Nominated
385,Kings Point,2013,,,,,,,,,,,,,Nominated,,,,,,,,,,,,,,,,,,,,,
386,Kitbull,2020,,,,,,,,,,,,,,,,,,,,,,,,,,,Nominated,,,,,,,
387,Klaus,2020,,,,,Nominated,,,,,,,,,,,,,,,,,,,,,,,,,,,,,
388,Knife Skills,2018,,,,,,,,,,,,,Nominated,,,,,,,,,,,,,,,,,,,,,
389,Knight of Fortune,2024,,,,,,,,,,,,,,,,,,,,,Nominated,,,,,,,,,,,,,
390,Knives Out,2020,,,,,,,,,,,,,,,,,,,,,,,,,,,,,,,,,,Nominated
391,Kon-Tiki,2013,,,,,,,,,,,,,,,,,Nominated,,,,,,,,,,,,,,,,,
392,Kong: Skull Island,2018,,,,,,,,,,,,,,,,,,,,,,,,,,,,,,,,Nominated,,
393,Kubo and the Two Strings,2017,,,,,Nominated,,,,,,,,,,,,,,,,,,,,,,,,,,,Nominated,,
394,Kung Fu Panda,2009,,,,,Nominated,,,,,,,,,,,,,,,,,,,,,,,,,,,,,
395,Kung Fu Panda 2,2012,,,,,Nominated,,,,,,,,,,,,,,,,,,,,,,,,,,,,,
396,La Femme et le TGV,2017,,,,,,,,,,,,,,,,,,,,,,,,,,,,Nominated,,,,,,
397,La La Land,2017,Nominated,,Winner,,,,,Nominated,Winner,Nominated,Winner,,,,,Nominated,,,,,,,,Winner,,Winner,,,,Nominated,Nominated,,,Nominated
398,La Luna,2012,,,,,,,,,,,,,,,,,,,,,,,,,,,Nominated,,,,,,,
399,La Maison en Petits Cubes,2009,,,,,,,,,,,,,,,,,,,,,,,,,,,Winner,,,,,,,
400,Lady Bird,2018,,,Nominated,Nominated,,,,Nominated,,,Nominated,,,,,,,,,,,,,,,,,,,,,,,Nominated
401,Land of Mine,2017,,,,,,,,,,,,,,,,,Nominated,,,,,,,,,,,,,,,,,
402,Last Day of Freedom,2016,,,,,,,,,,,,,Nominated,,,,,,,,,,,,,,,,,,,,,
403,Last Days in Vietnam,2015,,,,,,,,,,,,Nominated,,,,,,,,,,,,,,,,,,,,,,
404,Last Men in Aleppo,2018,,,,,,,,,,,,Nominated,,,,,,,,,,,,,,,,,,,,,,
405,Late Afternoon,2019,,,,,,,,,,,,,,,,,,,,,,,,,,,Nominated,,,,,,,
406,Lavatory - Lovestory,2009,,,,,,,,,,,,,,,,,,,,,,,,,,,Nominated,,,,,,,
407,Le Pupille,2023,,,,,,,,,,,,,,,,,,,,,,,,,,,,Nominated,,,,,,
408,Lead Me Home,2022,,,,,,,,,,,,,Nominated,,,,,,,,,,,,,,,,,,,,,
409,Learning to Skateboard in a Warzone (If You're a Girl),2020,,,,,,,,,,,,,Winner,,,,,,,,,,,,,,,,,,,,,
410,Les Mis_rables,2013,,,,,,,,Nominated,,Nominated,,,,,,,,,,,,,Winner,,,Nominated,,,,,Winner,,,
411,Les Misérables,2020,Nominated,,,Winner,,,,,,,,,,,,,,Nominated,,,,,,,Nominated,,,,,,,,,
412,Let's Pollute,2011,,,,,,,,,,,,,,,,,,,,,,,,,,,Nominated,,,,,,,
413,Letter to a Pig,2024,,,,,,Nominated,,,,,,,,,,,,,,,,,,,,,,,,,,,,
414,Leviathan,2015,,,,,,,,,,,,,,,,,Nominated,,,,,,,,,,,,,,,,,
415,Licorice Pizza,2022,,,,,,,,Nominated,,,Nominated,,,,,,,,,,,,,,,,,,,,,,,Nominated
416,Life of Pi,2013,,,,,,,,Nominated,Winner,,Winner,,,,,Nominated,,,,,,,,Winner,Nominated,Nominated,,,,Nominated,Nominated,Winner,Nominated,
417,Life Overtakes Me,2020,,,,,,,,,,,,,Nominated,,,,,,,,,,,,,,,,,,,,,
418,"Life, Animated",2017,,,,,,,,,,,,Nominated,,,,,,,,,,,,,,,,,,,,,,
419,Lifeboat,2019,,,,,,,,,,,,,Nominated,,,,,,,,,,,,,,,,,,,,,
420,Lift Me Up,2023,,,,,,,,,,,,,,,,,,,,,,,,,Nominated,,,,,,,,,
421,Lincoln,2013,Winner,Nominated,,Nominated,,,,Nominated,Nominated,Nominated,Nominated,,,,,Nominated,,,,,,,,Nominated,,Winner,,,,,Nominated,,Nominated,
422,Lion,2017,,Nominated,,Nominated,,,,Nominated,Nominated,,,,,,,,,,,,,,,Nominated,,,,,,,,,Nominated,
423,Little Women,2020,,,Nominated,Nominated,,,,Nominated,,Winner,,,,,,,,,,,,,,Nominated,,,,,,,,,Nominated,
424,Living,2023,Nominated,,,,,,,,,,,,,,,,,,,,,,,,,,,,,,,,Nominated,
425,Logan,2018,,,,,,,,,,,,,,,,,,,,,,,,,,,,,,,,,Nominated,
426,Logorama,2010,,,,,,,,,,,,,,,,,,,,,,,,,,,Winner,,,,,,,
427,Lone Survivor,2014,,,,,,,,,,,,,,,,,,,,,,,,,,,,,,Nominated,Nominated,,,
428,Lou,2018,,,,,,,,,,,,,,,,,,,,,,,,,,,Nominated,,,,,,,
429,Love and Monsters,2021,,,,,,,,,,,,,,,,,,,,,,,,,,,,,,,,Nominated,,
430,Loveless,2018,,,,,,,,,,,,,,,,,Nominated,,,,,,,,,,,,,,,,,
431,Loving,2017,,,Nominated,,,,,,,,,,,,,,,,,,,,,,,,,,,,,,,
432,Loving Vincent,2018,,,,,Nominated,,,,,,,,,,,,,,,,,,,,,,,,,,,,,
433,Luca,2022,,,,,Nominated,,,,,,,,,,,,,,,,,,,,,,,,,,,,,
434,Lunana: A Yak in the Classroom,2022,,,,,,,,,,,,,,,,,,Nominated,,,,,,,,,,,,,,,,
435,Ma Rainey's Black Bottom,2021,Nominated,,Nominated,,,,,,,Winner,,,,,,,,,,,,,Winner,,,Nominated,,,,,,,,
436,Mad Max: Fury Road,2016,,,,,,,,Nominated,Nominated,Winner,Nominated,,,,,Winner,,,,,,,Winner,,,Winner,,,,Winner,Winner,Nominated,,
437,"Madagascar, carnet de voyage (Madagascar, a Journey Diary)",2011,,,,,,,,,,,,,,,,,,,,,,,,,,,Nominated,,,,,,,
438,Maestro,2024,Nominated,,Nominated,,,,,Nominated,Nominated,,,,,,,,,,,,,,Nominated,,,,,,Nominated,,,,,Nominated
439,"Maggie Simpson in ""The Longest Daycare""",2013,,,,,,,,,,,,,,,,,,,,,,,,,,,Nominated,,,,,,,
440,Maleficent,2015,,,,,,,,,,Nominated,,,,,,,,,,,,,,,,,,,,,,,,
441,Maleficent: Mistress of Evil,2020,,,,,,,,,,,,,,,,,,,,,,,Nominated,,,,,,,,,,,
442,Man on Wire,2009,,,,,,,,,,,,Winner,,,,,,,,,,,,,,,,,,,,,,
443,Manchester by the Sea,2017,Winner,Nominated,,Nominated,,,,Nominated,,,Nominated,,,,,,,,,,,,,,,,,,,,,,,Winner
444,Mandela: Long Walk to Freedom,2014,,,,,,,,,,,,,,,,,,,,,,,,,Nominated,,,,,,,,,
445,Mank,2021,Nominated,,,Nominated,,,,Nominated,Winner,Nominated,Nominated,,,,,,,,,,,,Nominated,Nominated,,Winner,,,Nominated,,,,,
446,Manon on the Asphalt,2009,,,,,,,,,,,,,,,,,,,,,,,,,,,,Nominated,,,,,,
447,Marcel the Shell with Shoes On,2023,,,,,Nominated,,,,,,,,,,,,,,,,,,,,,,,,,,,,,
448,Margin Call,2012,,,,,,,,,,,,,,,,,,,,,,,,,,,,,,,,,,Nominated
449,Marguerite,2019,,,,,,,,,,,,,,,,,,,,,,,,,,,,Nominated,,,,,,
450,Marriage Story,2020,Nominated,,Nominated,Winner,,,,Nominated,,,,,,,,,,,,,,,,Nominated,,,,,,,,,,Nominated
451,Marvel's The Avengers,2013,,,,,,,,,,,,,,,,,,,,,,,,,,,,,,,,Nominated,,
452,Mary Poppins Returns,2019,,,,,,,,,,Nominated,,,,,,,,,,,,,,Nominated,,Nominated,,,,,,,,
453,Mary Queen of Scots,2019,,,,,,,,,,Nominated,,,,,,,,,,,,,Nominated,,,,,,,,,,,
454,May December,2024,,,,,,,,,,,,,,,,,,,,,,,,,,,,,,,,,,Nominated
455,Me and My Moulton,2015,,,,,,,,,,,,,,,,,,,,,,,,,,,Nominated,,,,,,,
456,Memorable,2020,,,,,,,,,,,,,,,,,,,,,,,,,,,Nominated,,,,,,,
457,Midnight in Paris,2012,,,,,,,Nominated,Nominated,,,Nominated,,,,,,,,,,,,,,,,,,,,,,,Winner
458,Mighty River,2018,,,,,,,,,,,,,,,,,,,,,,,,,Nominated,,,,,,,,,
459,Milk,2009,Winner,Nominated,,,,,,Nominated,,Nominated,Nominated,,,,,Nominated,,,,,,,,Nominated,,,,,,,,,,Winner
460,Minari,2021,Nominated,,,Winner,,,,Nominated,,,Nominated,,,,,,,,,,,,,Nominated,,,,,,,,,,Nominated
461,Minding the Gap,2019,,,,,,,,,,,,Nominated,,,,,,,,,,,,,,,,,,,,,,
462,Miracle Fish,2010,,,,,,,,,,,,,,,,,,,,,,,,,,,,Nominated,,,,,,
463,Mirai,2019,,,,,Nominated,,,,,,,,,,,,,,,,,,,,,,,,,,,,,
464,Mirror Mirror,2013,,,,,,,,,,Nominated,,,,,,,,,,,,,,,,,,,,,,,,
465,Missing Link,2020,,,,,Nominated,,,,,,,,,,,,,,,,,,,,,,,,,,,,,
466,Mission: Impossible - Dead Reckoning Part One,2024,,,,,,,,,,,,,,,,,,,,,,,,,,,,,Nominated,,,Nominated,,
467,Moana,2017,,,,,Nominated,,,,,,,,,,,,,,,,,,,,,,,,,,,,,
468,Molly's Game,2018,,,,,,,,,,,,,,,,,,,,,,,,,,,,,,,,,Nominated,
469,Mondays at Racine,2013,,,,,,,,,,,,,Nominated,,,,,,,,,,,,,,,,,,,,,
470,Moneyball,2012,Nominated,Nominated,,,,,,Nominated,,,,,,,,Nominated,,,,,,,,,,,,,,,Nominated,,Nominated,
471,Monsieur Lazhar,2012,,,,,,,,,,,,,,,,,Nominated,,,,,,,,,,,,,,,,,
472,Moonlight,2017,,Winner,,Nominated,,,,Winner,Nominated,,Nominated,,,,,Nominated,,,,,,,,Nominated,,,,,,,,,Winner,
473,Moonrise Kingdom,2013,,,,,,,,,,,,,,,,,,,,,,,,,,,,,,,,,,Nominated
474,Mother,2019,,,,,,,,,,,,,,,,,,,,,,,,,,,,Nominated,,,,,,
475,Mr. Hublot,2014,,,,,,,,,,,,,,,,,,,,,,,,,,,Winner,,,,,,,
476,Mr. Turner,2015,,,,,,,,,Nominated,Nominated,,,,,,,,,,,,,,Nominated,,Nominated,,,,,,,,
477,Mrs. Harris Goes to Paris,2023,,,,,,,,,,Nominated,,,,,,,,,,,,,,,,,,,,,,,,
478,Mudbound,2018,,,,Nominated,,,,,Nominated,,,,,,,,,,,,,,,,,,,,,,,,Nominated,
479,Mulan,2021,,,,,,,,,,Nominated,,,,,,,,,,,,,,,,,,,,,,Nominated,,
480,Music by Prudence,2010,,,,,,,,,,,,,Winner,,,,,,,,,,,,,,,,,,,,,
481,Mustang,2016,,,,,,,,,,,,,,,,,Nominated,,,,,,,,,,,,,,,,,
482,My Life as a Zucchini,2017,,,,,Nominated,,,,,,,,,,,,,,,,,,,,,,,,,,,,,
483,My Nephew Emmett,2018,,,,,,,,,,,,,,,,,,,,,,,,,,,,Nominated,,,,,,
484,My Octopus Teacher,2021,,,,,,,,,,,,Winner,,,,,,,,,,,,,,,,,,,,,,
485,My Week with Marilyn,2012,,Nominated,Nominated,,,,,,,,,,,,,,,,,,,,,,,,,,,,,,,
486,My Year of Dicks,2023,,,,,,,,,,,,,,,,,,,,,,,,,,,Nominated,,,,,,,
487,Mystery Of Love,2018,,,,,,,,,,,,,,,,,,,,,,,,,Nominated,,,,,,,,,
488,Na Wewe,2011,,,,,,,,,,,,,,,,,,,,,,,,,,,,Nominated,,,,,,
489,Naatu Naatu,2023,,,,,,,,,,,,,,,,,,,,,,,,,Winner,,,,,,,,,
490,Napoleon,2024,,,,,,,,,,Nominated,,,,,,,,,,,,,,,,Nominated,,,,,,Nominated,,
491,Navalny,2023,,,,,,,,,,,,,,Winner,,,,,,,,,,,,,,,,,,,,
492,Nebraska,2014,Nominated,,,Nominated,,,,Nominated,Nominated,,Nominated,,,,,,,,,,,,,,,,,,,,,,,Nominated
493,Nefta Football Club,2020,,,,,,,,,,,,,,,,,,,,,,,,,,,,Nominated,,,,,,
494,Negative Space,2018,,,,,,,,,,,,,,,,,,,,,,,,,,,Nominated,,,,,,,
495,Never Look Away,2019,,,,,,,,,Nominated,,,,,,,,Nominated,,,,,,,,,,,,,,,,,
496,New Boy,2009,,,,,,,,,,,,,,,,,,,,,,,,,,,,Nominated,,,,,,
497,News of the World,2021,,,,,,,,,Nominated,,,,,,,,,,,,,,,Nominated,,Nominated,,,Nominated,,,,,
498,Night Ride,2023,,,,,,,,,,,,,,,,,,,,,,,,,,,,Nominated,,,,,,
499,Nightcrawler,2015,,,,,,,,,,,,,,,,,,,,,,,,,,,,,,,,,,Nominated
500,Nightmare Alley,2022,,,,,,,,Nominated,Nominated,Nominated,,,,,,,,,,,,,,,,Nominated,,,,,,,,
501,Nimona,2024,,,,,Nominated,,,,,,,,,,,,,,,,,,,,,,,,,,,,,
502,Nine,2010,,,,Nominated,,,Nominated,,,Nominated,,,,,,,,,,,,,,,Nominated,,,,,,,,,
503,Ninety-Five Senses,2024,,,,,,Nominated,,,,,,,,,,,,,,,,,,,,,,,,,,,,
504,No,2013,,,,,,,,,,,,,,,,,Nominated,,,,,,,,,,,,,,,,,
505,No Time To Die,2022,,,,,,,,,,,,,,,,,,,,,,,,,Winner,,,,,,,,,
506,No Time to Die,2022,,,,,,,,,,,,,,,,,,,,,,,,,,,,,Nominated,,,Nominated,,
507,Nocturnal Animals,2017,,Nominated,,,,,,,,,,,,,,,,,,,,,,,,,,,,,,,,
508,Nomadland,2021,,,Winner,,,,,Winner,Nominated,,Winner,,,,,Nominated,,,,,,,,,,,,,,,,,Nominated,
509,Nyad,2024,,,Nominated,Nominated,,,,,,,,,,,,,,,,,,,,,,,,,,,,,,
510,Nǎi Nai & Wài Pó,2024,,,,,,,,,,,,,,,Nominated,,,,,,,,,,,,,,,,,,,
511,O.J.: Made in America,2017,,,,,,,,,,,,Winner,,,,,,,,,,,,,,,,,,,,,,
512,Of Fathers and Sons,2019,,,,,,,,,,,,Nominated,,,,,,,,,,,,,,,,,,,,,,
513,Oktapodi,2009,,,,,,,,,,,,,,,,,,,,,,,,,,,Nominated,,,,,,,
514,Omar,2014,,,,,,,,,,,,,,,,,Nominated,,,,,,,,,,,,,,,,,
515,On Body and Soul,2018,,,,,,,,,,,,,,,,,Nominated,,,,,,,,,,,,,,,,,
516,On My Mind,2022,,,,,,,,,,,,,,,,,,,,,,,,,,,,Nominated,,,,,,
517,Once upon a Time...in Hollywood,2020,Nominated,Winner,,,,,,Nominated,Nominated,Nominated,Nominated,,,,,,,,,,,,,,,Winner,,,,Nominated,Nominated,,,Nominated
518,One Night in Miami...,2021,,Nominated,,,,,,,,,,,,,,,,,,,,,,,,,,,,,,,Nominated,
519,One Small Step,2019,,,,,,,,,,,,,,,,,,,,,,,,,,,Nominated,,,,,,,
520,Onward,2021,,,,,Nominated,,,,,,,,,,,,,,,,,,,,,,,,,,,,,
521,Open Heart,2013,,,,,,,,,,,,,Nominated,,,,,,,,,,,,,,,,,,,,,
522,Opera,2021,,,,,,,,,,,,,,,,,,,,,,,,,,,Nominated,,,,,,,
523,Oppenheimer,2024,Winner,Winner,,Nominated,,,,Winner,Winner,Nominated,Winner,,,,,Winner,,,,,,,Nominated,Winner,,Nominated,,,Nominated,,,,Nominated,
524,Our Curse,2015,,,,,,,,,,,,,Nominated,,,,,,,,,,,,,,,,,,,,,
525,Our Uniform,2024,,,,,,Nominated,,,,,,,,,,,,,,,,,,,,,,,,,,,,
526,Outside the Law (Hors-la-loi),2011,,,,,,,,,,,,,,,,,Nominated,,,,,,,,,,,,,,,,,
527,Over the Moon,2021,,,,,Nominated,,,,,,,,,,,,,,,,,,,,,,,,,,,,,
528,Pachyderme,2024,,,,,,Nominated,,,,,,,,,,,,,,,,,,,,,,,,,,,,
529,Pain and Glory,2020,Nominated,,,,,,,,,,,,,,,,,Nominated,,,,,,,,,,,,,,,,
530,Paperman,2013,,,,,,,,,,,,,,,,,,,,,,,,,,,Winner,,,,,,,
531,Paradise Lost 3: Purgatory,2012,,,,,,,,,,,,Nominated,,,,,,,,,,,,,,,,,,,,,,
532,Parallel Mothers,2022,,,Nominated,,,,,,,,,,,,,,,,,,,,,Nominated,,,,,,,,,,
533,ParaNorman,2013,,,,,Nominated,,,,,,,,,,,,,,,,,,,,,,,,,,,,,
534,Parasite,2020,,,,,,,,Winner,,,Winner,,,,,Nominated,,Winner,,,,,,,,Nominated,,,,,,,,Winner
535,Paris 36,2010,,,,,,,,,,,,,,,,,,,,,,,,,Nominated,,,,,,,,,
536,Parvaneh,2015,,,,,,,,,,,,,,,,,,,,,,,,,,,,Nominated,,,,,,
537,Passengers,2017,,,,,,,,,,,,,,,,,,,,,,,,Nominated,,Nominated,,,,,,,,
538,Past Lives,2024,,,,,,,,Nominated,,,,,,,,,,,,,,,,,,,,,,,,,,Nominated
539,Pear Cider and Cigarettes,2017,,,,,,,,,,,,,,,,,,,,,,,,,,,Nominated,,,,,,,
540,Pearl,2017,,,,,,,,,,,,,,,,,,,,,,,,,,,Nominated,,,,,,,
541,Pentecost,2012,,,,,,,,,,,,,,,,,,,,,,,,,,,,Nominated,,,,,,
542,Perfect Days,2024,,,,,,,,,,,,,,,,,,Nominated,,,,,,,,,,,,,,,,
543,Period. End of Sentence.,2019,,,,,,,,,,,,,Winner,,,,,,,,,,,,,,,,,,,,,
544,Phantom Thread,2018,Nominated,,,Nominated,,,,Nominated,,Winner,Nominated,,,,,,,,,,,,,Nominated,,,,,,,,,,
545,Philomena,2014,,,Nominated,,,,,Nominated,,,,,,,,,,,,,,,,Nominated,,,,,,,,,Nominated,
546,Pieces of a Woman,2021,,,Nominated,,,,,,,,,,,,,,,,,,,,,,,,,,,,,,,
547,Pina,2012,,,,,,,,,,,,Nominated,,,,,,,,,,,,,,,,,,,,,,
548,Pinocchio,2021,,,,,,,,,,Nominated,,,,,,,,,,,,,Nominated,,,,,,,,,,,
549,Piper,2017,,,,,,,,,,,,,,,,,,,,,,,,,,,Winner,,,,,,,
550,Pit__k_ Mun Kaikki Hoitaa? (Do I Have to Take Care of Everything?),2014,,,,,,,,,,,,,,,,,,,,,,,,,,,,Nominated,,,,,,
551,Please Hold,2022,,,,,,,,,,,,,,,,,,,,,,,,,,,,Nominated,,,,,,
552,Poor Things,2024,,Nominated,Winner,,,,,Nominated,Nominated,Winner,Nominated,,,,,Nominated,,,,,,,Winner,Nominated,,Winner,,,,,,,Nominated,
553,Possessions,2014,,,,,,,,,,,,,,,,,,,,,,,,,,,Nominated,,,,,,,
554,Poster Girl,2011,,,,,,,,,,,,,Nominated,,,,,,,,,,,,,,,,,,,,,
555,Precious: Based on the Novel 'Push' by Sapphire,2010,,,Nominated,Winner,,,,Nominated,,,Nominated,,,,,Nominated,,,,,,,,,,,,,,,,,Winner,
556,Presto,2009,,,,,,,,,,,,,,,,,,,,,,,,,,,Nominated,,,,,,,
557,Prison Terminal: The Last Days of Private Jack Hall,2014,,,,,,,,,,,,,Nominated,,,,,,,,,,,,,,,,,,,,,
558,Prisoners,2014,,,,,,,,,Nominated,,,,,,,,,,,,,,,,,,,,,,,,,
559,Prologue,2016,,,,,,,,,,,,,,,,,,,,,,,,,,,Nominated,,,,,,,
560,Prometheus,2013,,,,,,,,,,,,,,,,,,,,,,,,,,,,,,,,Nominated,,
561,Promising Young Woman,2021,,,Nominated,,,,,Nominated,,,Nominated,,,,,Nominated,,,,,,,,,,,,,,,,,,Winner
562,Puss in Boots,2012,,,,,Nominated,,,,,,,,,,,,,,,,,,,,,,,,,,,,,
563,Puss in Boots: The Last Wish,2023,,,,,Nominated,,,,,,,,,,,,,,,,,,,,,,,,,,,,,
564,"Quo Vadis, Aida?",2021,,,,,,,,,,,,,,,,,,Nominated,,,,,,,,,,,,,,,,
565,Rabbit Hole,2011,,,Nominated,,,,,,,,,,,,,,,,,,,,,,,,,,,,,,,
566,Rabbit à la Berlin,2010,,,,,,,,,,,,,Nominated,,,,,,,,,,,,,,,,,,,,,
567,Rachel Getting Married,2009,,,Nominated,,,,,,,,,,,,,,,,,,,,,,,,,,,,,,,
568,Racing Extinction,2016,,,,,,,,,,,,,,,,,,,,,,,,,Nominated,,,,,,,,,
569,Raju,2012,,,,,,,,,,,,,,,,,,,,,,,,,,,,Nominated,,,,,,
570,Ralph Breaks the Internet,2019,,,,,Nominated,,,,,,,,,,,,,,,,,,,,,,,,,,,,,
571,Rango,2012,,,,,Winner,,,,,,,,,,,,,,,,,,,,,,,,,,,,,
572,Raya and the Last Dragon,2022,,,,,Nominated,,,,,,,,,,,,,,,,,,,,,,,,,,,,,
573,RBG,2019,,,,,,,,,,,,Nominated,,,,,,,,,,,,,,,,,,,,,,
574,Ready Player One,2019,,,,,,,,,,,,,,,,,,,,,,,,,,,,,,,,Nominated,,
575,Real Steel,2012,,,,,,,,,,,,,,,,,,,,,,,,,,,,,,,,Nominated,,
576,"Red, White and Blue",2024,,,,,,,,,,,,,,,,,,,,,Nominated,,,,,,,,,,,,,
577,Redemption,2013,,,,,,,,,,,,,Nominated,,,,,,,,,,,,,,,,,,,,,
578,Remember Me,2018,,,,,,,,,,,,,,,,,,,,,,,,,Winner,,,,,,,,,
579,Restrepo,2011,,,,,,,,,,,,Nominated,,,,,,,,,,,,,,,,,,,,,,
580,Revanche,2009,,,,,,,,,,,,,,,,,Nominated,,,,,,,,,,,,,,,,,
581,Revolting Rhymes,2018,,,,,,,,,,,,,,,,,,,,,,,,,,,Nominated,,,,,,,
582,Revolutionary Road,2009,,Nominated,,,,,Nominated,,,Nominated,,,,,,,,,,,,,,,,,,,,,,,,
583,Richard Jewell,2020,,,,Nominated,,,,,,,,,,,,,,,,,,,,,,,,,,,,,,
584,Rio,2012,,,,,,,,,,,,,,,,,,,,,,,,,Nominated,,,,,,,,,
585,Rise of the Planet of the Apes,2012,,,,,,,,,,,,,,,,,,,,,,,,,,,,,,,,Nominated,,
586,Robin Robin,2022,,,,,,,,,,,,,,,,,,,,,,,,,,,Nominated,,,,,,,
587,Robot Dreams,2024,,,,,Nominated,,,,,,,,,,,,,,,,,,,,,,,,,,,,,
588,Rogue One: A Star Wars Story,2017,,,,,,,,,,,,,,,,,,,,,,,,,,,,,,,Nominated,Nominated,,
589,Roma,2019,,,Nominated,Nominated,,,,Nominated,Winner,,Winner,,,,,,Winner,,,,,,,,,Nominated,,,,Nominated,Nominated,,,Nominated
590,"Roman J. Israel, Esq.",2018,Nominated,,,,,,,,,,,,,,,,,,,,,,,,,,,,,,,,,
591,Room,2016,,,Winner,,,,,Nominated,,,Nominated,,,,,,,,,,,,,,,,,,,,,,Nominated,
592,Room on the Broom,2014,,,,,,,,,,,,,,,,,,,,,,,,,,,Nominated,,,,,,,
593,Rustin,2024,Nominated,,,,,,,,,,,,,,,,,,,,,,,,,,,,,,,,,
594,Salt,2011,,,,,,,,,,,,,,,,,,,,,,,,,,,,,,,Nominated,,,
595,Sanjay’s Super Team,2016,,,,,,,,,,,,,,,,,,,,,,,,,,,Nominated,,,,,,,
596,Saria,2020,,,,,,,,,,,,,,,,,,,,,,,,,,,,Nominated,,,,,,
597,Saving Face,2012,,,,,,,,,,,,,Winner,,,,,,,,,,,,,,,,,,,,,
598,Saving Mr. Banks,2014,,,,,,,,,,,,,,,,,,,,,,,,Nominated,,,,,,,,,,
599,Searching for Sugar Man,2013,,,,,,,,,,,,Winner,,,,,,,,,,,,,,,,,,,,,,
600,Selma,2015,,,,,,,,Nominated,,,,,,,,,,,,,,,,,Winner,,,,,,,,,
601,Shallow,2019,,,,,,,,,,,,,,,,,,,,,,,,,Winner,,,,,,,,,
602,Shang-Chi and the Legend of the Ten Rings,2022,,,,,,,,,,,,,,,,,,,,,,,,,,,,,,,,Nominated,,
603,Shaun the Sheep Movie,2016,,,,,Nominated,,,,,,,,,,,,,,,,,,,,,,,,,,,,,
604,Sherlock Holmes,2010,,,,,,,Nominated,,,,,,,,,,,,,,,,,Nominated,,,,,,,,,,
605,Shok,2016,,,,,,,,,,,,,,,,,,,,,,,,,,,,Nominated,,,,,,
606,Shoplifters,2019,,,,,,,,,,,,,,,,,Nominated,,,,,,,,,,,,,,,,,
607,Sicario,2016,,,,,,,,,Nominated,,,,,,,,,,,,,,,Nominated,,,,,,Nominated,,,,
608,Silence,2017,,,,,,,,,Nominated,,,,,,,,,,,,,,,,,,,,,,,,,
609,Silent Nights,2017,,,,,,,,,,,,,,,,,,,,,,,,,,,,Nominated,,,,,,
610,Silver Linings Playbook,2013,Nominated,Nominated,Winner,Nominated,,,,Nominated,,,Nominated,,,,,Nominated,,,,,,,,,,,,,,,,,Nominated,
611,Sing,2017,,,,,,,,,,,,,,,,,,,,,,,,,,,,Winner,,,,,,
612,Sister,2020,,,,,,,,,,,,,,,,,,,,,,,,,,,Nominated,,,,,,,
613,Skin,2019,,,,,,,,,,,,,,,,,,,,,,,,,,,,Winner,,,,,,
614,Skyfall,2013,,,,,,,,,Nominated,,,,,,,,,,,,,,,Nominated,Winner,,,,,Winner,Nominated,,,
615,Slumdog Millionaire,2009,,,,,,,,Winner,Winner,,Winner,,,,,Winner,,,,,,,,Winner,Nominated,,,,,Nominated,Winner,,Winner,
616,Smile Pinki,2009,,,,,,,,,,,,,Winner,,,,,,,,,,,,,,,,,,,,,
617,Snow White and the Huntsman,2013,,,,,,,,,,Nominated,,,,,,,,,,,,,,,,,,,,,,Nominated,,
618,Society of the Snow,2024,,,,,,,,,,,,,,,,,,Nominated,,,,,Nominated,,,,,,,,,,,
619,Solo: A Star Wars Story,2019,,,,,,,,,,,,,,,,,,,,,,,,,,,,,,,,Nominated,,
620,Somehow You Do,2022,,,,,,,,,,,,,,,,,,,,,,,,,Nominated,,,,,,,,,
621,Son of Saul,2016,,,,,,,,,,,,,,,,,Winner,,,,,,,,,,,,,,,,,
622,Song of the Sea,2015,,,,,Nominated,,,,,,,,,,,,,,,,,,,,,,,,,,,,,
623,Soul,2021,,,,,Winner,,,,,,,,,,,,,,,,,,,Winner,,,,,Nominated,,,,,
624,Sound of Metal,2021,Nominated,Nominated,,,,,,Nominated,,,,,,,,Winner,,,,,,,,,,,,,Winner,,,,,Nominated
625,Speak Now,2021,,,,,,,,,,,,,,,,,,,,,,,,,Nominated,,,,,,,,,
626,Spectre,2016,,,,,,,,,,,,,,,,,,,,,,,,,Winner,,,,,,,,,
627,Spencer,2022,,,Nominated,,,,,,,,,,,,,,,,,,,,,,,,,,,,,,,
628,Spider-Man: Across the Spider-Verse,2024,,,,,Nominated,,,,,,,,,,,,,,,,,,,,,,,,,,,,,
629,Spider-Man: Into the Spider-Verse,2019,,,,,Winner,,,,,,,,,,,,,,,,,,,,,,,,,,,,,
630,Spider-Man: No Way Home,2022,,,,,,,,,,,,,,,,,,,,,,,,,,,,,,,,Nominated,,
631,Spielzeugland (Toyland),2009,,,,,,,,,,,,,,,,,,,,,,,,,,,,Winner,,,,,,
632,Spotlight,2016,,Nominated,,Nominated,,,,Winner,,,Nominated,,,,,Nominated,,,,,,,,,,,,,,,,,,Winner
633,St. Louis Superman,2020,,,,,,,,,,,,,Nominated,,,,,,,,,,,,,,,,,,,,,
634,Stand Up,2020,,,,,,,,,,,,,,,,,,,,,,,,,Nominated,,,,,,,,,
635,Stand Up For Something,2018,,,,,,,,,,,,,,,,,,,,,,,,,Nominated,,,,,,,,,
636,Star Trek,2010,,,,,,,,,,,,,,,,,,,,,,Winner,,,,,,,,Nominated,Nominated,Nominated,,
637,Star Trek Beyond,2017,,,,,,,,,,,,,,,,,,,,,,,Nominated,,,,,,,,,,,
638,Star Trek Into Darkness,2014,,,,,,,,,,,,,,,,,,,,,,,,,,,,,,,,Nominated,,
639,Star Wars: The Force Awakens,2016,,,,,,,,,,,,,,,,Nominated,,,,,,,,Nominated,,,,,,Nominated,Nominated,Nominated,,
640,Star Wars: The Last Jedi,2018,,,,,,,,,,,,,,,,,,,,,,,,Nominated,,,,,,Nominated,Nominated,Nominated,,
641,Star Wars: The Rise of Skywalker,2020,,,,,,,,,,,,,,,,,,,,,,,,Nominated,,,,,,Nominated,,Nominated,,
642,Steve Jobs,2016,Nominated,,,Nominated,,,,,,,,,,,,,,,,,,,,,,,,,,,,,,
643,Still Alice,2015,,,Winner,,,,,,,,,,,,,,,,,,,,,,,,,,,,,,,
644,Straight Outta Compton,2016,,,,,,,,,,,,,,,,,,,,,,,,,,,,,,,,,,Nominated
645,Stranger at the Gate,2023,,,,,,,,,,,,,,,Nominated,,,,,,,,,,,,,,,,,,,
646,Strangers No More,2011,,,,,,,,,,,,,Winner,,,,,,,,,,,,,,,,,,,,,
647,Strong Island,2018,,,,,,,,,,,,Nominated,,,,,,,,,,,,,,,,,,,,,,
648,Stutterer,2016,,,,,,,,,,,,,,,,,,,,,,,,,,,,Winner,,,,,,
649,Suicide Squad,2017,,,,,,,,,,,,,,,,,,,,,,,Winner,,,,,,,,,,,
650,Sully,2017,,,,,,,,,,,,,,,,,,,,,,,,,,,,,,Nominated,,,,
651,"Summer of Soul (...Or, When the Revolution Could Not Be Televised)",2022,,,,,,,,,,,,Winner,,,,,,,,,,,,,,,,,,,,,,
652,Sun Come Up,2011,,,,,,,,,,,,,Nominated,,,,,,,,,,,,,,,,,,,,,
653,Tangerines,2015,,,,,,,,,,,,,,,,,Nominated,,,,,,,,,,,,,,,,,
654,Tangled,2011,,,,,,,,,,,,,,,,,,,,,,,,,Nominated,,,,,,,,,
655,Tanna,2017,,,,,,,,,,,,,,,,,Nominated,,,,,,,,,,,,,,,,,
656,Ted,2013,,,,,,,,,,,,,,,,,,,,,,,,,Nominated,,,,,,,,,
657,Tenet,2021,,,,,,,,,,,,,,,,,,,,,,,,,,Nominated,,,,,,Winner,,
658,The 100-Year-Old Man Who Climbed out the Window and Disappeared,2016,,,,,,,,,,,,,,,,,,,,,,,Nominated,,,,,,,,,,,
659,The ABCs of Book Banning,2024,,,,,,,,,,,,,,,Nominated,,,,,,,,,,,,,,,,,,,
660,The Act of Killing,2014,,,,,,,,,,,,Nominated,,,,,,,,,,,,,,,,,,,,,,
661,The Adventures of Tintin,2012,,,,,,,,,,,,,,,,,,,,,,,,Nominated,,,,,,,,,,
662,The After,2024,,,,,,,,,,,,,,,,,,,,,Nominated,,,,,,,,,,,,,
663,The Artist,2012,Winner,,,Nominated,,,Nominated,Winner,Nominated,Winner,Winner,,,,,Nominated,,,,,,,,Winner,,,,,,,,,,Nominated
664,The Baader Meinhof Complex,2009,,,,,,,,,,,,,,,,,Nominated,,,,,,,,,,,,,,,,,
665,The Ballad of Buster Scruggs,2019,,,,,,,,,,Nominated,,,,,,,,,,,,,,,,,,,,,,,Nominated,
666,The Banshees of Inisherin,2023,Nominated,Nominated,,Nominated,,,,Nominated,,,Nominated,,,,,Nominated,,,,,,,,Nominated,,,,,,,,,,Nominated
667,The Barber of Birmingham: Foot Soldier of the Civil Rights Movement,2012,,,,,,,,,,,,,Nominated,,,,,,,,,,,,,,,,,,,,,
668,The Barber of Little Rock,2024,,,,,,,,,,,,,,,Nominated,,,,,,,,,,,,,,,,,,,
669,The Batman,2023,,,,,,,,,,,,,,,,,,,,,,,Nominated,,,,,,Nominated,,,Nominated,,
670,The Betrayal (Nerakhoon),2009,,,,,,,,,,,,Nominated,,,,,,,,,,,,,,,,,,,,,,
671,The Big Short,2016,,Nominated,,,,,,Nominated,,,Nominated,,,,,Nominated,,,,,,,,,,,,,,,,,Winner,
672,The Big Sick,2018,,,,,,,,,,,,,,,,,,,,,,,,,,,,,,,,,,Nominated
673,The Bigger Picture,2015,,,,,,,,,,,,,,,,,,,,,,,,,,,Nominated,,,,,,,
674,The Blind Side,2010,,,Winner,,,,,Nominated,,,,,,,,,,,,,,,,,,,,,,,,,,
675,The Book Thief,2014,,,,,,,,,,,,,,,,,,,,,,,,Nominated,,,,,,,,,,
676,The Boss Baby,2018,,,,,Nominated,,,,,,,,,,,,,,,,,,,,,,,,,,,,,
677,The Boxtrolls,2015,,,,,Nominated,,,,,,,,,,,,,,,,,,,,,,,,,,,,,
678,The Boy and the Heron,2024,,,,,Winner,,,,,,,,,,,,,,,,,,,,,,,,,,,,,
679,"The Boy, the Mole, the Fox and the Horse",2023,,,,,,,,,,,,,,,,,,,,,,,,,,,Winner,,,,,,,
680,The Breadwinner,2018,,,,,Nominated,,,,,,,,,,,,,,,,,,,,,,,,,,,,,
681,The Broken Circle Breakdown,2014,,,,,,,,,,,,,,,,,Nominated,,,,,,,,,,,,,,,,,
682,The Cave,2020,,,,,,,,,,,,Nominated,,,,,,,,,,,,,,,,,,,,,,
683,The Class,2009,,,,,,,,,,,,,,,,,Nominated,,,,,,,,,,,,,,,,,
684,The Color Purple,2024,,,,Nominated,,,,,,,,,,,,,,,,,,,,,,,,,,,,,,
685,The Confession,2011,,,,,,,,,,,,,,,,,,,,,,,,,,,,Nominated,,,,,,
686,The Conscience of Nhem En,2009,,,,,,,,,,,,,Nominated,,,,,,,,,,,,,,,,,,,,,
687,The Cove,2010,,,,,,,,,,,,Winner,,,,,,,,,,,,,,,,,,,,,,
688,The Creator,2024,,,,,,,,,,,,,,,,,,,,,,,,,,,,,Nominated,,,Nominated,,
689,The Croods,2014,,,,,Nominated,,,,,,,,,,,,,,,,,,,,,,,,,,,,,
690,The Crush,2011,,,,,,,,,,,,,,,,,,,,,,,,,,,,Nominated,,,,,,
691,The Curious Case of Benjamin Button,2009,Nominated,,,Nominated,,,Winner,Nominated,Nominated,Nominated,Nominated,,,,,Nominated,,,,,,Winner,,Nominated,,,,,,,Nominated,Winner,Nominated,
692,The Dam Keeper,2015,,,,,,,,,,,,,,,,,,,,,,,,,,,Nominated,,,,,,,
693,The Danish Girl,2016,Nominated,,,Winner,,,,,,Nominated,,,,,,,,,,,,,,,,Nominated,,,,,,,,
694,The Dark Knight,2009,,Winner,,,,,Nominated,,Nominated,,,,,,,Nominated,,,,,,Nominated,,,,,,,,Winner,Nominated,Nominated,,
695,The Descendants,2012,Nominated,,,,,,,Nominated,,,Nominated,,,,,Nominated,,,,,,,,,,,,,,,,,Winner,
696,The Disaster Artist,2018,,,,,,,,,,,,,,,,,,,,,,,,,,,,,,,,,Nominated,
697,The Door,2010,,,,,,,,,,,,,,,,,,,,,,,,,,,,Nominated,,,,,,
698,The Dress,2022,,,,,,,,,,,,,,,,,,,,,,,,,,,,Nominated,,,,,,
699,The Duchess,2009,,,,,,,Nominated,,,Winner,,,,,,,,,,,,,,,,,,,,,,,,
700,The Edge of Democracy,2020,,,,,,,,,,,,Nominated,,,,,,,,,,,,,,,,,,,,,,
701,The Elephant Whisperers,2023,,,,,,,,,,,,,,,Winner,,,,,,,,,,,,,,,,,,,
702,The Eleven O'Clock,2018,,,,,,,,,,,,,,,,,,,,,,,,,,,,Nominated,,,,,,
703,The Empty Chair,2017,,,,,,,,,,,,,,,,,,,,,,,,,Nominated,,,,,,,,,
704,The Eternal Memory,2024,,,,,,,,,,,,,,Nominated,,,,,,,,,,,,,,,,,,,,
705,The Eyes of Tammy Faye,2022,,,Winner,,,,,,,,,,,,,,,,,,,,Winner,,,,,,,,,,,
706,The Fabelmans,2023,,Nominated,Nominated,,,,,Nominated,,,Nominated,,,,,,,,,,,,,Nominated,,Nominated,,,,,,,,Nominated
707,The Fantastic Flying Books of Mr. Morris Lessmore,2012,,,,,,,,,,,,,,,,,,,,,,,,,,,Winner,,,,,,,
708,The Father,2021,Winner,,,Nominated,,,,Nominated,,,,,,,,Nominated,,,,,,,,,,Nominated,,,,,,,Winner,
709,The Favourite,2019,,,Winner,Nominated,,,,Nominated,Nominated,Nominated,Nominated,,,,,Nominated,,,,,,,,,,Nominated,,,,,,,,Nominated
710,The Fighter,2011,,Winner,,Nominated,,,,Nominated,,,Nominated,,,,,Nominated,,,,,,,,,,,,,,,,,,Nominated
711,The Final Inch,2009,,,,,,,,,,,,,Nominated,,,,,,,,,,,,,,,,,,,,,
712,The Fire Inside,2024,,,,,,,,,,,,,,,,,,,,,,,,,Nominated,,,,,,,,,
713,The Florida Project,2018,,Nominated,,,,,,,,,,,,,,,,,,,,,,,,,,,,,,,,
714,The Flying Sailor,2023,,,,,,,,,,,,,,,,,,,,,,,,,,,Nominated,,,,,,,
715,The Garden,2009,,,,,,,,,,,,Nominated,,,,,,,,,,,,,,,,,,,,,,
716,The Gatekeepers,2013,,,,,,,,,,,,Nominated,,,,,,,,,,,,,,,,,,,,,,
717,The Girl with the Dragon Tattoo,2012,,,Nominated,,,,,,Nominated,,,,,,,Winner,,,,,,,,,,,,,,Nominated,Nominated,,,
718,The Grand Budapest Hotel,2015,,,,,,,,Nominated,Nominated,Winner,Nominated,,,,,Nominated,,,,,,,Winner,Winner,,Winner,,,,,,,,Nominated
719,The Grandmaster,2014,,,,,,,,,Nominated,Nominated,,,,,,,,,,,,,,,,,,,,,,,,
720,The Great Beauty,2014,,,,,,,,,,,,,,,,,Winner,,,,,,,,,,,,,,,,,
721,The Great Gatsby,2014,,,,,,,,,,Winner,,,,,,,,,,,,,,,,Winner,,,,,,,,
722,The Gruffalo,2011,,,,,,,,,,,,,,,,,,,,,,,,,,,Nominated,,,,,,,
723,The Hand of God,2022,,,,,,,,,,,,,,,,,,Nominated,,,,,,,,,,,,,,,,
724,The Hateful Eight,2016,,,,Nominated,,,,,Nominated,,,,,,,,,,,,,,,Winner,,,,,,,,,,
725,The Help,2012,,,Nominated,Nominated,,,,Nominated,,,,,,,,,,,,,,,,,,,,,,,,,,
726,The Hobbit: An Unexpected Journey,2013,,,,,,,,,,,,,,,,,,,,,,,Nominated,,,Nominated,,,,,,Nominated,,
727,The Hobbit: The Battle of the Five Armies,2015,,,,,,,,,,,,,,,,,,,,,,,,,,,,,,Nominated,,,,
728,The Hobbit: The Desolation of Smaug,2014,,,,,,,,,,,,,,,,,,,,,,,,,,,,,,Nominated,Nominated,Nominated,,
729,The Holdovers,2024,Nominated,,,Winner,,,,Nominated,,,,,,,,Nominated,,,,,,,,,,,,,,,,,,Nominated
730,The Hunt,2014,,,,,,,,,,,,,,,,,Nominated,,,,,,,,,,,,,,,,,
731,The Hunting Ground,2016,,,,,,,,,,,,,,,,,,,,,,,,,Nominated,,,,,,,,,
732,The Hurt Locker,2010,Nominated,,,,,,,Winner,Nominated,,Winner,,,,,Winner,,,,,,,,Nominated,,,,,,Winner,Winner,,,Winner
733,The Ides of March,2012,,,,,,,,,,,,,,,,,,,,,,,,,,,,,,,,,Nominated,
734,The Illusionist,2011,,,,,Nominated,,,,,,,,,,,,,,,,,,,,,,,,,,,,,
735,The Imaginarium of Doctor Parnassus,2010,,,,,,,Nominated,,,Nominated,,,,,,,,,,,,,,,,,,,,,,,,
736,The Imitation Game,2015,Nominated,,,Nominated,,,,Nominated,,,Nominated,,,,,Nominated,,,,,,,,Nominated,,Nominated,,,,,,,Winner,
737,The Impossible,2013,,,Nominated,,,,,,,,,,,,,,,,,,,,,,,,,,,,,,,
738,The Insult,2018,,,,,,,,,,,,,,,,,Nominated,,,,,,,,,,,,,,,,,
739,The Invisible War,2013,,,,,,,,,,,,Nominated,,,,,,,,,,,,,,,,,,,,,,
740,The Invisible Woman,2014,,,,,,,,,,Nominated,,,,,,,,,,,,,,,,,,,,,,,,
741,The Irishman,2020,,Nominated,,,,,,Nominated,Nominated,Nominated,Nominated,,,,,Nominated,,,,,,,,,,Nominated,,,,,,Nominated,Nominated,
742,The Iron Lady,2012,,,Winner,,,,,,,,,,,,,,,,,,,Winner,,,,,,,,,,,,
743,The Judge,2015,,Nominated,,,,,,,,,,,,,,,,,,,,,,,,,,,,,,,,
744,The Jungle Book,2017,,,,,,,,,,,,,,,,,,,,,,,,,,,,,,,,Winner,,
745,The Kids Are All Right,2011,,Nominated,Nominated,,,,,Nominated,,,,,,,,,,,,,,,,,,,,,,,,,,Nominated
746,The King's Speech,2011,Winner,Nominated,,Nominated,,,Nominated,Winner,Nominated,Nominated,Winner,,,,,Nominated,,,,,,,,Nominated,,,,,,,Nominated,,,Winner
747,The Lady and the Reaper (La Dama y la Muerte),2010,,,,,,,,,,,,,,,,,,,,,,,,,,,Nominated,,,,,,,
748,The Lady in Number 6: Music Saved My Life,2014,,,,,,,,,,,,,Winner,,,,,,,,,,,,,,,,,,,,,
749,The Last Campaign of Governor Booth Gardner,2010,,,,,,,,,,,,,Nominated,,,,,,,,,,,,,,,,,,,,,
750,The Last Repair Shop,2024,,,,,,,,,,,,,,,Winner,,,,,,,,,,,,,,,,,,,
751,The Last Station,2010,,Nominated,Nominated,,,,,,,,,,,,,,,,,,,,,,,,,,,,,,,
752,The Last Truck: Closing of a GM Plant,2010,,,,,,,,,,,,,Nominated,,,,,,,,,,,,,,,,,,,,,
753,The Lego Movie,2015,,,,,,,,,,,,,,,,,,,,,,,,,Nominated,,,,,,,,,
754,The Letter Room,2021,,,,,,,,,,,,,,,,,,,,,,,,,,,,Nominated,,,,,,
755,The Lighthouse,2020,,,,,,,,,Nominated,,,,,,,,,,,,,,,,,,,,,,,,,
756,The Lion King,2020,,,,,,,,,,,,,,,,,,,,,,,,,,,,,,,,Nominated,,
757,The Lobster,2017,,,,,,,,,,,,,,,,,,,,,,,,,,,,,,,,,,Nominated
758,The Lone Ranger,2014,,,,,,,,,,,,,,,,,,,,,,,Nominated,,,,,,,,,Nominated,,
759,The Long Goodbye,2022,,,,,,,,,,,,,,,,,,,,,,,,,,,,Winner,,,,,,
760,The Look of Silence,2016,,,,,,,,,,,,Nominated,,,,,,,,,,,,,,,,,,,,,,
761,The Lost Daughter,2022,,,Nominated,Nominated,,,,,,,,,,,,,,,,,,,,,,,,,,,,,Nominated,
762,The Lost Thing,2011,,,,,,,,,,,,,,,,,,,,,,,,,,,Winner,,,,,,,
763,The Lovely Bones,2010,,Nominated,,,,,,,,,,,,,,,,,,,,,,,,,,,,,,,,
764,The Man Who Sold His Skin,2021,,,,,,,,,,,,,,,,,,Nominated,,,,,,,,,,,,,,,,
765,The Martha Mitchell Effect,2023,,,,,,,,,,,,,,,Nominated,,,,,,,,,,,,,,,,,,,
766,The Martian,2016,Nominated,,,,,,,Nominated,,,,,,,,,,,,,,,,,,Nominated,,,,Nominated,Nominated,Nominated,Nominated,
767,The Master,2013,Nominated,Nominated,,Nominated,,,,,,,,,,,,,,,,,,,,,,,,,,,,,,
768,The Messenger,2010,,Nominated,,,,,,,,,,,,,,,,,,,,,,,,,,,,,,,,Nominated
769,The Midnight Sky,2021,,,,,,,,,,,,,,,,,,,,,,,,,,,,,,,,Nominated,,
770,The Milk of Sorrow,2010,,,,,,,,,,,,,,,,,Nominated,,,,,,,,,,,,,,,,,
771,The Missing Picture,2014,,,,,,,,,,,,,,,,,Nominated,,,,,,,,,,,,,,,,,
772,The Mitchells vs. the Machines,2022,,,,,Nominated,,,,,,,,,,,,,,,,,,,,,,,,,,,,,
773,The Mole Agent,2021,,,,,,,,,,,,Nominated,,,,,,,,,,,,,,,,,,,,,,
774,The Most Dangerous Man in America: Daniel Ellsberg and the Pentagon Papers,2010,,,,,,,,,,,,Nominated,,,,,,,,,,,,,,,,,,,,,,
775,The Muppets,2012,,,,,,,,,,,,,,,,,,,,,,,,,Winner,,,,,,,,,
776,The Neighbors' Window,2020,,,,,,,,,,,,,,,,,,,,,,,,,,,,Winner,,,,,,
777,The New Tenants,2010,,,,,,,,,,,,,,,,,,,,,,,,,,,,Winner,,,,,,
778,The One and Only Ivan,2021,,,,,,,,,,,,,,,,,,,,,,,,,,,,,,,,Nominated,,
779,The Phone Call,2015,,,,,,,,,,,,,,,,,,,,,,,,,,,,Winner,,,,,,
780,The Pig,2009,,,,,,,,,,,,,,,,,,,,,,,,,,,,Nominated,,,,,,
781,The Pirates! Band of Misfits,2013,,,,,Nominated,,,,,,,,,,,,,,,,,,,,,,,,,,,,,
782,The Place Where Lost Things Go,2019,,,,,,,,,,,,,,,,,,,,,,,,,Nominated,,,,,,,,,
783,The Post,2018,,,Nominated,,,,,Nominated,,,,,,,,,,,,,,,,,,,,,,,,,,
784,The Power of the Dog,2022,Nominated,Nominated,,Nominated,,,,Nominated,Nominated,,Winner,,,,,Nominated,,,,,,,,Nominated,,Nominated,,,Nominated,,,,Nominated,
785,The Present,2021,,,,,,,,,,,,,,,,,,,,,,,,,,,,Nominated,,,,,,
786,The Princess and the Frog,2010,,,,,Nominated,,,,,,,,,,,,,,,,,,,,Nominated,,,,,,,,,
787,The Queen of Basketball,2022,,,,,,,,,,,,,Winner,,,,,,,,,,,,,,,,,,,,,
788,The Quiet Girl,2023,,,,,,,,,,,,,,,,,,Nominated,,,,,,,,,,,,,,,,
789,The Reader,2009,,,Winner,,,,,Nominated,Nominated,,Nominated,,,,,,,,,,,,,,,,,,,,,,Nominated,
790,The Reaper (La Parka),2015,,,,,,,,,,,,,Nominated,,,,,,,,,,,,,,,,,,,,,
791,The Red Suitcase,2023,,,,,,,,,,,,,,,,,,,,,,,,,,,,Nominated,,,,,,
792,The Red Turtle,2017,,,,,Nominated,,,,,,,,,,,,,,,,,,,,,,,,,,,,,
793,The Revenant,2016,Winner,Nominated,,,,,,Nominated,Winner,Nominated,Winner,,,,,Nominated,,,,,,,Nominated,,,Nominated,,,,Nominated,Nominated,Nominated,,
794,The Salesman,2017,,,,,,,,,,,,,,,,,Winner,,,,,,,,,,,,,,,,,
795,The Salt of the Earth,2015,,,,,,,,,,,,Nominated,,,,,,,,,,,,,,,,,,,,,,
796,The Sea Beast,2023,,,,,Nominated,,,,,,,,,,,,,,,,,,,,,,,,,,,,,
797,The Secret in Their Eyes,2010,,,,,,,,,,,,,,,,,Winner,,,,,,,,,,,,,,,,,
798,The Secret of Kells,2010,,,,,Nominated,,,,,,,,,,,,,,,,,,,,,,,,,,,,,
799,The Sessions,2013,,,,Nominated,,,,,,,,,,,,,,,,,,,,,,,,,,,,,,
800,The Shape of Water,2018,,Nominated,Nominated,Nominated,,,,Winner,Nominated,Nominated,Winner,,,,,Nominated,,,,,,,,Winner,,Winner,,,,Nominated,Nominated,,,Nominated
801,The Shore,2012,,,,,,,,,,,,,,,,,,,,,,,,,,,,Winner,,,,,,
802,The Silent Child,2018,,,,,,,,,,,,,,,,,,,,,,,,,,,,Winner,,,,,,
803,The Social Network,2011,Nominated,,,,,,,Nominated,Nominated,,Nominated,,,,,Winner,,,,,,,,Winner,,,,,,,Nominated,,Winner,
804,The Square,2018,,,,,,,,,,,,Nominated,,,,,Nominated,,,,,,,,,,,,,,,,,
805,The Tale of the Princess Kaguya,2015,,,,,Nominated,,,,,,,,,,,,,,,,,,,,,,,,,,,,,
806,The Teachers' Lounge,2024,,,,,,,,,,,,,,,,,,Nominated,,,,,,,,,,,,,,,,
807,The Tempest,2011,,,,,,,,,,Nominated,,,,,,,,,,,,,,,,,,,,,,,,
808,The Theory of Everything,2015,Winner,,Nominated,,,,,Nominated,,,,,,,,,,,,,,,,Nominated,,,,,,,,,Nominated,
809,The Town,2011,,Nominated,,,,,,,,,,,,,,,,,,,,,,,,,,,,,,,,
810,The Tragedy of Macbeth,2022,Nominated,,,,,,,,Nominated,,,,,,,,,,,,,,,,,Nominated,,,,,,,,
811,The Tree of Life,2012,,,,,,,,Nominated,Nominated,,Nominated,,,,,,,,,,,,,,,,,,,,,,,
812,The Trial of the Chicago 7,2021,,Nominated,,,,,,Nominated,Nominated,,,,,,,Nominated,,,,,,,,,,,,,,,,,,Nominated
813,The Tsunami and the Cherry Blossom,2012,,,,,,,,,,,,,Nominated,,,,,,,,,,,,,,,,,,,,,
814,The Two Popes,2020,Nominated,Nominated,,,,,,,,,,,,,,,,,,,,,,,,,,,,,,,Nominated,
815,The United States vs. Billie Holiday,2021,,,Nominated,,,,,,,,,,,,,,,,,,,,,,,,,,,,,,,
816,The Visitor,2009,Nominated,,,,,,,,,,,,,,,,,,,,,,,,,,,,,,,,,
817,The Voorman Problem,2014,,,,,,,,,,,,,,,,,,,,,,,,,,,,Nominated,,,,,,
818,The Warriors of Qiugang,2011,,,,,,,,,,,,,Nominated,,,,,,,,,,,,,,,,,,,,,
819,The Way Back,2011,,,,,,,,,,,,,,,,,,,,,,Nominated,,,,,,,,,,,,
820,The Whale,2023,Winner,,,Nominated,,,,,,,,,,,,,,,,,,,Winner,,,,,,,,,,,
821,The White Helmets,2017,,,,,,,,,,,,,Winner,,,,,,,,,,,,,,,,,,,,,
822,The White Ribbon,2010,,,,,,,,,Nominated,,,,,,,,Nominated,,,,,,,,,,,,,,,,,
823,The White Tiger,2021,,,,,,,,,,,,,,,,,,,,,,,,,,,,,,,,,Nominated,
824,The Wife,2019,,,Nominated,,,,,,,,,,,,,,,,,,,,,,,,,,,,,,,
825,The Wind Rises,2014,,,,,Nominated,,,,,,,,,,,,,,,,,,,,,,,,,,,,,
826,The Windshield Wiper,2022,,,,,,,,,,,,,,,,,,,,,,,,,,,Winner,,,,,,,
827,The Witness - From the Balcony of Room 306,2009,,,,,,,,,,,,,Nominated,,,,,,,,,,,,,,,,,,,,,
828,The Wolf of Wall Street,2014,Nominated,Nominated,,,,,,Nominated,,,Nominated,,,,,,,,,,,,,,,,,,,,,,Nominated,
829,The Wolfman,2011,,,,,,,,,,,,,,,,,,,,,,Winner,,,,,,,,,,,,
830,The Wonderful Story of Henry Sugar,2024,,,,,,,,,,,,,,,,,,,,,Winner,,,,,,,,,,,,,
831,The Worst Person in the World,2022,,,,,,,,,,,,,,,,,,Nominated,,,,,,,,,,,,,,,,Nominated
832,The Wrestler,2009,Nominated,,,Nominated,,,,,,,,,,,,,,,,,,,,,,,,,,,,,,
833,The Young Victoria,2010,,,,,,,Nominated,,,Winner,,,,,,,,,,,,Nominated,,,,,,,,,,,,
834,The Zone of Interest,2024,,,,,,,,Nominated,,,Nominated,,,,,,,Winner,,,,,,,,,,,Winner,,,,Nominated,
835,Theeb,2016,,,,,,,,,,,,,,,,,Nominated,,,,,,,,,,,,,,,,,
836,This Is A Life,2023,,,,,,,,,,,,,,,,,,,,,,,,,Nominated,,,,,,,,,
837,This Is Me,2018,,,,,,,,,,,,,,,,,,,,,,,,,Nominated,,,,,,,,,
838,This Way Up,2009,,,,,,,,,,,,,,,,,,,,,,,,,,,Nominated,,,,,,,
839,"Three Billboards outside Ebbing, Missouri",2018,,Nominated,Winner,,,,,Nominated,,,,,,,,Nominated,,,,,,,,Nominated,,,,,,,,,,Nominated
840,Three Songs for Benazir,2022,,,,,,,,,,,,,Nominated,,,,,,,,,,,,,,,,,,,,,
841,"tick, tick...BOOM!",2022,Nominated,,,,,,,,,,,,,,,Nominated,,,,,,,,,,,,,,,,,,
842,Timbuktu,2015,,,,,,,,,,,,,,,,,Nominated,,,,,,,,,,,,,,,,,
843,Time,2021,,,,,,,,,,,,Nominated,,,,,,,,,,,,,,,,,,,,,,
844,Time Freak,2012,,,,,,,,,,,,,,,,,,,,,,,,,,,,Nominated,,,,,,
845,Timecode,2017,,,,,,,,,,,,,,,,,,,,,,,,,,,,Nominated,,,,,,
846,Tinker Tailor Soldier Spy,2012,Nominated,,,,,,,,,,,,,,,,,,,,,,,Nominated,,,,,,,,,Nominated,
847,To Kill a Tiger,2024,,,,,,,,,,,,,,Nominated,,,,,,,,,,,,,,,,,,,,
848,To Leslie,2023,,,Nominated,,,,,,,,,,,,,,,,,,,,,,,,,,,,,,,
849,Toni Erdmann,2017,,,,,,,,,,,,,,,,,Nominated,,,,,,,,,,,,,,,,,
850,Top Gun: Maverick,2023,,,,,,,,Nominated,,,,,,,,Nominated,,,,,,,,,,,,,Winner,,,Nominated,Nominated,
851,Toy Story 3,2011,,,,,Winner,,,Nominated,,,,,,,,,,,,,,,,,Winner,,,,,Nominated,,,Nominated,
852,Toy Story 4,2020,,,,,Winner,,,,,,,,,,,,,,,,,,,,,,,,,,,,,
853,Traffic Stop,2018,,,,,,,,,,,,,Nominated,,,,,,,,,,,,,,,,,,,,,
854,Transformers: Dark of the Moon,2012,,,,,,,,,,,,,,,,,,,,,,,,,,,,,,Nominated,Nominated,Nominated,,
855,Transformers: Revenge of the Fallen,2010,,,,,,,,,,,,,,,,,,,,,,,,,,,,,,,Nominated,,,
856,Triangle of Sadness,2023,,,,,,,,Nominated,,,Nominated,,,,,,,,,,,,,,,,,,,,,,,Nominated
857,Tron: Legacy,2011,,,,,,,,,,,,,,,,,,,,,,,,,,,,,,Nominated,,,,
858,Tropic Thunder,2009,,Nominated,,,,,,,,,,,,,,,,,,,,,,,,,,,,,,,,
859,Trouble the Water,2009,,,,,,,,,,,,Nominated,,,,,,,,,,,,,,,,,,,,,,
860,True Grit,2011,Nominated,,,Nominated,,,Nominated,Nominated,Nominated,Nominated,Nominated,,,,,,,,,,,,,,,,,,,Nominated,Nominated,,Nominated,
861,Trumbo,2016,Nominated,,,,,,,,,,,,,,,,,,,,,,,,,,,,,,,,,
862,Turning Red,2023,,,,,Nominated,,,,,,,,,,,,,,,,,,,,,,,,,,,,,
863,"Two Days, One Night",2015,,,Nominated,,,,,,,,,,,,,,,,,,,,,,,,,,,,,,,
864,Two Distant Strangers,2021,,,,,,,,,,,,,,,,,,,,,,,,,,,,Winner,,,,,,
865,Tár,2023,,,Nominated,,,,,Nominated,Nominated,,Nominated,,,,,Nominated,,,,,,,,,,,,,,,,,,Nominated
866,Unbroken,2015,,,,,,,,,Nominated,,,,,,,,,,,,,,,,,,,,,Nominated,Nominated,,,
867,Undefeated,2012,,,,,,,,,,,,Winner,,,,,,,,,,,,,,,,,,,,,,
868,Unstoppable,2011,,,,,,,,,,,,,,,,,,,,,,,,,,,,,,Nominated,,,,
869,Up,2010,,,,,Winner,,,Nominated,,,,,,,,,,,,,,,,Winner,,,,,,Nominated,,,,Nominated
870,Up in the Air,2010,Nominated,,,Nominated,,,,Nominated,,,Nominated,,,,,,,,,,,,,,,,,,,,,,Nominated,
871,Vice,2019,Nominated,Nominated,,Nominated,,,,Nominated,,,Nominated,,,,,Nominated,,,,,,,Winner,,,,,,,,,,,Nominated
872,Vicky Cristina Barcelona,2009,,,,Winner,,,,,,,,,,,,,,,,,,,,,,,,,,,,,,
873,Victoria & Abdul,2018,,,,,,,,,,Nominated,,,,,,,,,,,,,Nominated,,,,,,,,,,,
874,Virunga,2015,,,,,,,,,,,,Nominated,,,,,,,,,,,,,,,,,,,,,,
875,W.E.,2012,,,,,,,,,,Nominated,,,,,,,,,,,,,,,,,,,,,,,,
876,Wahzhazhe (A Song For My People),2024,,,,,,,,,,,,,,,,,,,,,,,,,Nominated,,,,,,,,,
877,Walk Run Cha-Cha,2020,,,,,,,,,,,,,Nominated,,,,,,,,,,,,,,,,,,,,,
878,WALL-E,2009,,,,,Winner,,,,,,,,,,,,,,,,,,,Nominated,Nominated,,,,,Nominated,Nominated,,,Nominated
879,Waltz with Bashir,2009,,,,,,,,,,,,,,,,,Nominated,,,,,,,,,,,,,,,,,
880,Wanted,2009,,,,,,,,,,,,,,,,,,,,,,,,,,,,,,Nominated,Nominated,,,
881,War for the Planet of the Apes,2018,,,,,,,,,,,,,,,,,,,,,,,,,,,,,,,,Nominated,,
882,War Horse,2012,,,,,,,Nominated,Nominated,Nominated,,,,,,,,,,,,,,,Nominated,,,,,,Nominated,Nominated,,,
883,WAR IS OVER! Inspired by the Music of John & Yoko,2024,,,,,,Winner,,,,,,,,,,,,,,,,,,,,,,,,,,,,
884,War Witch,2013,,,,,,,,,,,,,,,,,Nominated,,,,,,,,,,,,,,,,,
885,Warrior,2012,,Nominated,,,,,,,,,,,,,,,,,,,,,,,,,,,,,,,,
886,Waste Land,2011,,,,,,,,,,,,Nominated,,,,,,,,,,,,,,,,,,,,,,
887,Watani: My Homeland,2017,,,,,,,,,,,,,Nominated,,,,,,,,,,,,,,,,,,,,,
888,Watu Wote/All of Us,2018,,,,,,,,,,,,,,,,,,,,,,,,,,,,Nominated,,,,,,
889,We Can’t Live without Cosmos,2016,,,,,,,,,,,,,,,,,,,,,,,,,,,Nominated,,,,,,,
890,Weekends,2019,,,,,,,,,,,,,,,,,,,,,,,,,,,Nominated,,,,,,,
891,West Side Story,2022,,,,Winner,,,,Nominated,Nominated,Nominated,Nominated,,,,,,,,,,,,,,,Nominated,,,Nominated,,,,,
892,"What Happened, Miss Simone?",2016,,,,,,,,,,,,Nominated,,,,,,,,,,,,,,,,,,,,,,
893,What Was I Made For?,2024,,,,,,,,,,,,,,,,,,,,,,,,,Winner,,,,,,,,,
894,When A Cowboy Trades His Spurs For Wings,2019,,,,,,,,,,,,,,,,,,,,,,,,,Nominated,,,,,,,,,
895,When Marnie Was There,2016,,,,,Nominated,,,,,,,,,,,,,,,,,,,,,,,,,,,,,
896,When We Were Bullies,2022,,,,,,,,,,,,,Nominated,,,,,,,,,,,,,,,,,,,,,
897,Which Way Home,2010,,,,,,,,,,,,Nominated,,,,,,,,,,,,,,,,,,,,,,
898,Whiplash,2015,,Winner,,,,,,Nominated,,,,,,,,Winner,,,,,,,,,,,,,,,Winner,,Nominated,
899,White Earth,2015,,,,,,,,,,,,,Nominated,,,,,,,,,,,,,,,,,,,,,
900,White Eye,2021,,,,,,,,,,,,,,,,,,,,,,,,,,,,Nominated,,,,,,
901,Wild,2015,,,Nominated,Nominated,,,,,,,,,,,,,,,,,,,,,,,,,,,,,,
902,Wild Life,2012,,,,,,,,,,,,,,,,,,,,,,,,,,,Nominated,,,,,,,
903,Wild Tales,2015,,,,,,,,,,,,,,,,,Nominated,,,,,,,,,,,,,,,,,
904,Winter on Fire: Ukraine’s Fight for Freedom,2016,,,,,,,,,,,,Nominated,,,,,,,,,,,,,,,,,,,,,,
905,Winter's Bone,2011,,Nominated,Nominated,,,,,Nominated,,,,,,,,,,,,,,,,,,,,,,,,,Nominated,
906,Wish 143,2011,,,,,,,,,,,,,,,,,,,,,,,,,,,,Nominated,,,,,,
907,Wolfwalkers,2021,,,,,Nominated,,,,,,,,,,,,,,,,,,,,,,,,,,,,,
908,Women Talking,2023,,,,,,,,Nominated,,,,,,,,,,,,,,,,,,,,,,,,,Winner,
909,Wonder,2018,,,,,,,,,,,,,,,,,,,,,,,Nominated,,,,,,,,,,,
910,World of Tomorrow,2016,,,,,,,,,,,,,,,,,,,,,,,,,,,Nominated,,,,,,,
911,Wreck-It Ralph,2013,,,,,Nominated,,,,,,,,,,,,,,,,,,,,,,,,,,,,,
912,Writing with Fire,2022,,,,,,,,,,,,Nominated,,,,,,,,,,,,,,,,,,,,,,
913,X-Men: Days of Future Past,2015,,,,,,,,,,,,,,,,,,,,,,,,,,,,,,,,Nominated,,
914,Yes-People,2021,,,,,,,,,,,,,,,,,,,,,,,,,,,Nominated,,,,,,,
915,Youth,2016,,,,,,,,,,,,,,,,,,,,,,,,,Nominated,,,,,,,,,
916,Zero Dark Thirty,2013,,,Nominated,,,,,Nominated,,,,,,,,Nominated,,,,,,,,,,,,,,,,,,Nominated
917,Zootopia,2017,,,,,Winner,,,,,,,,,,,,,,,,,,,,,,,,,,,,,
